,uid,date,app usage in morning,app usage in afternoon,app usage in evening,app usage in night
0,u00,2013-03-24,18,10,15,26
1,u00,2013-03-25,11,19,19,26
2,u00,2013-03-26,10,12,14,11
3,u00,2013-03-27,14,20,18,15
4,u00,2013-03-28,17,33,20,17
5,u00,2013-03-29,14,23,16,10
6,u00,2013-03-30,14,2,5,17
7,u00,2013-03-31,7,11,13,9
8,u00,2013-04-01,11,18,18,10
9,u00,2013-04-02,15,5,17,15
10,u00,2013-04-03,15,22,20,22
11,u00,2013-04-04,17,31,14,17
12,u00,2013-04-05,13,27,22,15
13,u00,2013-04-06,19,22,26,20
14,u00,2013-04-07,20,22,18,35
15,u00,2013-04-08,8,24,20,8
16,u00,2013-04-09,19,27,29,19
17,u00,2013-04-10,25,33,34,30
18,u00,2013-04-11,33,40,40,31
19,u00,2013-04-12,38,49,33,45
20,u00,2013-04-13,31,36,15,31
21,u00,2013-04-14,9,18,9,9
22,u00,2013-04-15,18,26,23,13
23,u00,2013-04-16,21,28,25,21
24,u00,2013-04-17,14,16,26,8
25,u00,2013-04-18,10,20,15,9
26,u00,2013-04-19,17,42,25,23
27,u00,2013-04-20,2,7,18,13
28,u00,2013-04-21,18,21,34,20
29,u00,2013-04-22,23,32,28,21
30,u00,2013-04-23,4,11,15,15
31,u00,2013-04-24,6,8,9,14
32,u00,2013-04-25,9,24,19,9
33,u00,2013-04-26,10,21,20,27
34,u00,2013-04-27,17,19,21,19
35,u00,2013-04-28,0,4,4,24
36,u00,2013-04-29,18,25,20,12
37,u00,2013-04-30,5,6,6,3
38,u00,2013-05-01,5,18,30,11
39,u00,2013-05-02,9,8,4,12
40,u00,2013-05-03,7,12,10,4
41,u00,2013-05-04,9,0,14,9
42,u00,2013-05-05,19,17,17,14
43,u00,2013-05-06,9,17,20,5
44,u00,2013-05-07,22,21,25,17
45,u00,2013-05-08,19,10,8,20
46,u00,2013-05-09,7,5,17,14
47,u00,2013-05-10,9,10,12,9
48,u00,2013-05-11,10,12,14,10
49,u00,2013-05-12,14,18,9,14
50,u00,2013-05-13,9,14,12,9
51,u00,2013-05-14,13,13,12,11
52,u00,2013-05-15,12,19,21,11
53,u00,2013-05-16,11,12,19,8
54,u00,2013-05-17,8,8,9,9
55,u00,2013-05-18,8,0,0,8
56,u00,2013-05-19,0,5,7,0
57,u00,2013-05-20,3,5,5,3
58,u00,2013-05-22,0,0,10,0
59,u00,2013-05-23,0,13,10,8
60,u00,2013-05-24,10,11,16,10
61,u00,2013-05-25,1,26,17,11
62,u00,2013-05-26,10,11,12,14
63,u00,2013-05-27,14,16,17,14
64,u00,2013-05-28,15,20,17,15
65,u00,2013-05-29,17,7,12,16
66,u00,2013-05-30,0,6,9,9
67,u00,2013-05-31,10,14,14,11
68,u00,2013-06-01,0,11,7,12
69,u00,2013-06-02,11,16,9,10
70,u00,2013-06-03,7,9,17,7
71,u00,2013-06-04,7,9,13,7
72,u00,2013-06-05,13,24,17,13
73,u00,2013-06-06,19,6,6,14
74,u00,2013-06-07,5,9,13,5
75,u00,2013-06-08,6,11,15,4
76,u00,2013-06-09,10,0,0,10
77,u00,2013-06-10,0,8,13,0
78,u00,2013-06-11,12,15,14,13
79,u00,2013-06-12,12,21,19,12
80,u00,2013-06-13,0,0,5,8
81,u00,2013-06-14,6,10,10,6
82,u00,2013-06-15,6,6,11,17
83,u00,2013-06-20,0,0,1,0
84,u01,2013-03-24,7,6,6,6
85,u01,2013-03-25,6,6,6,6
86,u01,2013-03-26,6,7,16,6
87,u01,2013-03-27,12,22,20,14
88,u01,2013-03-28,9,9,9,9
89,u01,2013-03-29,10,12,12,10
90,u01,2013-03-30,12,13,14,13
91,u01,2013-03-31,13,13,13,13
92,u01,2013-04-01,13,13,13,13
93,u01,2013-04-02,3,4,4,15
94,u01,2013-04-03,5,6,6,4
95,u01,2013-04-04,6,6,6,6
96,u01,2013-04-05,6,8,8,6
97,u01,2013-04-06,8,8,8,8
98,u01,2013-04-07,8,8,8,8
99,u01,2013-04-08,11,11,12,8
100,u01,2013-04-09,11,11,11,18
101,u01,2013-04-10,11,11,11,11
102,u01,2013-04-11,12,12,14,12
103,u01,2013-04-12,2,5,5,16
104,u01,2013-04-13,5,5,5,5
105,u01,2013-04-14,5,5,5,5
106,u01,2013-04-15,5,6,9,5
107,u01,2013-04-16,6,6,8,13
108,u01,2013-04-17,11,14,12,20
109,u01,2013-04-18,12,12,13,12
110,u01,2013-04-19,13,13,13,13
111,u01,2013-04-20,13,13,14,13
112,u01,2013-04-21,2,2,2,2
113,u01,2013-04-22,5,5,5,5
114,u01,2013-04-23,9,9,12,11
115,u01,2013-04-24,2,4,6,11
116,u01,2013-04-25,3,4,12,8
117,u01,2013-04-26,12,14,6,12
118,u01,2013-04-27,7,7,7,7
119,u01,2013-04-28,7,7,6,7
120,u01,2013-04-29,7,7,7,9
121,u01,2013-04-30,8,9,13,8
122,u01,2013-05-01,6,6,6,6
123,u01,2013-05-02,7,7,7,7
124,u01,2013-05-03,7,7,8,7
125,u01,2013-05-04,8,9,0,8
126,u01,2013-05-07,0,0,6,0
127,u01,2013-05-08,6,7,3,6
128,u01,2013-05-09,3,4,7,3
129,u01,2013-05-10,6,7,7,6
130,u01,2013-05-11,7,7,7,7
131,u01,2013-05-12,0,2,2,7
132,u01,2013-05-13,2,2,2,2
133,u01,2013-05-14,3,3,4,3
134,u01,2013-05-15,6,8,2,13
135,u01,2013-05-16,3,5,5,3
136,u01,2013-05-17,6,6,6,6
137,u01,2013-05-18,6,6,6,6
138,u01,2013-05-19,6,6,7,7
139,u01,2013-05-20,8,8,8,8
140,u01,2013-05-21,8,8,8,8
141,u01,2013-05-22,9,9,9,9
142,u01,2013-05-23,9,3,4,9
143,u01,2013-05-24,9,10,0,10
144,u01,2013-05-25,1,2,2,1
145,u01,2013-05-26,5,5,5,5
146,u01,2013-05-27,5,5,10,5
147,u01,2013-05-28,4,6,7,11
148,u01,2013-05-29,7,6,0,8
149,u02,2013-03-24,6,2,3,5
150,u02,2013-03-25,3,3,3,3
151,u02,2013-03-26,3,3,22,3
152,u02,2013-03-27,22,31,29,34
153,u02,2013-03-28,21,24,28,22
154,u02,2013-03-29,19,22,16,19
155,u02,2013-03-30,16,18,19,17
156,u02,2013-03-31,21,27,28,21
157,u02,2013-04-01,18,25,12,23
158,u02,2013-04-02,12,19,12,14
159,u02,2013-04-03,15,18,19,16
160,u02,2013-04-04,22,28,12,24
161,u02,2013-04-05,13,21,12,13
162,u02,2013-04-06,16,18,21,15
163,u02,2013-04-07,12,16,16,24
164,u02,2013-04-08,3,13,13,20
165,u02,2013-04-09,2,10,11,15
166,u02,2013-04-10,14,14,14,14
167,u02,2013-04-11,7,10,9,17
168,u02,2013-04-12,12,17,15,11
169,u02,2013-04-13,9,12,19,9
170,u02,2013-04-14,7,12,9,29
171,u02,2013-04-15,3,18,14,20
172,u02,2013-04-16,6,11,13,16
173,u02,2013-04-17,18,20,20,18
174,u02,2013-04-18,2,7,14,21
175,u02,2013-04-19,6,10,12,13
176,u02,2013-04-20,10,14,22,15
177,u02,2013-04-21,16,24,15,16
178,u02,2013-04-22,16,20,24,19
179,u02,2013-04-23,15,21,27,33
180,u02,2013-04-24,8,11,11,8
181,u02,2013-04-25,14,16,20,14
182,u02,2013-04-26,3,13,10,21
183,u02,2013-04-27,9,16,9,18
184,u02,2013-04-28,13,11,18,12
185,u02,2013-04-29,7,15,24,18
186,u02,2013-04-30,1,16,20,23
187,u02,2013-05-01,7,14,14,20
188,u02,2013-05-02,6,9,9,21
189,u02,2013-05-03,8,13,16,8
190,u02,2013-05-04,7,11,15,8
191,u02,2013-05-05,15,6,9,15
192,u02,2013-05-06,9,13,12,9
193,u02,2013-05-07,11,19,12,25
194,u02,2013-05-08,10,12,13,30
195,u02,2013-05-09,18,10,15,17
196,u02,2013-05-10,14,15,16,14
197,u02,2013-05-11,19,10,10,18
198,u02,2013-05-12,15,20,10,15
199,u02,2013-05-13,9,14,19,17
200,u02,2013-05-14,20,20,26,21
201,u02,2013-05-15,4,22,17,26
202,u02,2013-05-16,6,13,14,11
203,u02,2013-05-17,15,16,11,15
204,u02,2013-05-18,16,16,17,15
205,u02,2013-05-19,17,17,26,17
206,u02,2013-05-20,12,16,23,21
207,u02,2013-05-21,8,15,11,16
208,u02,2013-05-22,8,15,14,21
209,u02,2013-05-23,13,15,16,13
210,u02,2013-05-24,12,17,16,29
211,u02,2013-05-25,17,18,21,18
212,u02,2013-05-26,10,14,15,11
213,u02,2013-05-27,13,24,16,19
214,u02,2013-05-28,6,9,20,20
215,u02,2013-05-29,14,14,12,15
216,u02,2013-05-30,5,13,15,13
217,u02,2013-05-31,4,13,13,11
218,u02,2013-06-01,0,0,0,17
219,u03,2013-03-24,9,9,8,5
220,u03,2013-03-25,8,8,8,8
221,u03,2013-03-26,8,10,11,8
222,u03,2013-03-27,11,13,17,11
223,u03,2013-03-28,12,14,13,12
224,u03,2013-03-29,11,14,8,11
225,u03,2013-03-30,9,11,12,12
226,u03,2013-03-31,11,11,17,24
227,u03,2013-04-01,13,16,12,15
228,u03,2013-04-02,12,12,12,12
229,u03,2013-04-03,1,3,2,1
230,u03,2013-04-04,5,6,6,6
231,u03,2013-04-05,5,7,7,6
232,u03,2013-04-06,7,8,6,7
233,u03,2013-04-07,6,8,8,9
234,u03,2013-04-08,7,8,7,8
235,u03,2013-04-09,7,7,7,7
236,u03,2013-04-10,7,8,7,7
237,u03,2013-04-11,7,8,7,7
238,u03,2013-04-12,6,7,7,7
239,u03,2013-04-13,7,9,16,7
240,u03,2013-04-14,10,11,27,10
241,u03,2013-04-15,11,12,11,22
242,u03,2013-04-16,13,14,13,15
243,u03,2013-04-17,13,14,13,13
244,u03,2013-04-18,13,13,13,14
245,u03,2013-04-19,13,13,0,13
246,u03,2013-04-20,0,4,5,0
247,u03,2013-04-21,4,7,17,5
248,u03,2013-04-22,9,27,20,14
249,u03,2013-04-23,12,13,13,18
250,u03,2013-04-24,12,12,12,12
251,u03,2013-04-25,3,8,6,3
252,u03,2013-04-26,6,24,7,6
253,u03,2013-04-27,7,7,7,7
254,u03,2013-04-28,7,14,11,7
255,u03,2013-04-29,6,11,12,14
256,u03,2013-04-30,6,7,8,6
257,u03,2013-05-01,6,7,7,7
258,u03,2013-05-02,7,7,8,7
259,u03,2013-05-03,6,6,6,6
260,u03,2013-05-04,6,6,6,6
261,u03,2013-05-05,6,6,8,6
262,u03,2013-05-06,7,17,10,10
263,u03,2013-05-07,9,9,2,9
264,u03,2013-05-08,2,2,2,2
265,u03,2013-05-09,2,2,2,2
266,u03,2013-05-10,2,3,2,2
267,u03,2013-05-11,2,2,2,2
268,u03,2013-05-12,2,2,5,2
269,u03,2013-05-13,5,6,5,8
270,u03,2013-05-14,4,4,13,19
271,u03,2013-05-15,5,12,8,5
272,u03,2013-05-16,9,9,0,9
273,u03,2013-05-21,0,7,5,0
274,u03,2013-05-22,5,5,5,5
275,u04,2013-03-24,8,8,8,6
276,u04,2013-03-25,8,8,8,8
277,u04,2013-03-26,8,8,15,8
278,u04,2013-03-27,9,11,11,9
279,u04,2013-03-28,12,14,12,12
280,u04,2013-03-29,12,19,8,13
281,u04,2013-03-30,8,8,11,8
282,u04,2013-03-31,10,20,9,10
283,u04,2013-04-01,10,11,11,9
284,u04,2013-04-02,11,13,13,11
285,u04,2013-04-03,13,13,13,13
286,u04,2013-04-04,15,15,15,15
287,u04,2013-04-05,15,19,6,15
288,u04,2013-04-06,6,8,8,6
289,u04,2013-04-07,8,21,13,8
290,u04,2013-04-08,1,9,7,6
291,u04,2013-04-09,2,7,7,8
292,u04,2013-04-10,7,10,9,8
293,u04,2013-04-11,2,3,3,9
294,u04,2013-04-12,3,8,8,3
295,u04,2013-04-13,3,3,3,3
296,u04,2013-04-14,3,3,3,3
297,u04,2013-04-15,3,4,4,3
298,u04,2013-04-16,13,19,12,21
299,u04,2013-04-17,13,16,2,12
300,u04,2013-04-18,2,2,2,2
301,u04,2013-04-19,2,2,5,3
302,u04,2013-04-20,5,5,5,5
303,u04,2013-04-21,5,5,5,5
304,u04,2013-04-22,5,5,8,5
305,u04,2013-04-23,9,14,12,10
306,u04,2013-04-24,13,14,14,13
307,u04,2013-04-25,14,14,14,14
308,u04,2013-04-26,14,14,14,14
309,u04,2013-04-27,14,14,15,14
310,u04,2013-04-28,15,21,18,15
311,u04,2013-04-29,17,17,17,17
312,u04,2013-04-30,17,23,19,17
313,u04,2013-05-01,18,29,28,18
314,u04,2013-05-02,28,28,28,28
315,u04,2013-05-03,28,29,28,28
316,u04,2013-05-04,28,28,28,28
317,u04,2013-05-05,28,28,29,28
318,u04,2013-05-06,2,6,11,2
319,u04,2013-05-07,12,28,2,15
320,u04,2013-05-08,3,2,2,4
321,u04,2013-05-09,2,2,2,2
322,u04,2013-05-10,2,5,3,2
323,u04,2013-05-11,3,3,3,3
324,u04,2013-05-12,2,2,2,4
325,u04,2013-05-13,3,8,3,2
326,u04,2013-05-14,2,2,2,2
327,u04,2013-05-15,2,5,5,7
328,u04,2013-05-16,2,2,2,4
329,u04,2013-05-17,2,2,2,2
330,u04,2013-05-18,2,2,2,2
331,u04,2013-05-19,2,2,2,2
332,u04,2013-05-20,2,2,2,2
333,u04,2013-05-21,2,2,2,2
334,u04,2013-05-22,2,2,2,2
335,u04,2013-05-23,2,0,0,2
336,u05,2013-03-24,5,5,5,8
337,u05,2013-03-25,5,5,5,5
338,u05,2013-03-26,5,6,12,5
339,u05,2013-03-27,7,11,7,8
340,u05,2013-03-28,7,9,9,7
341,u05,2013-03-29,9,9,13,9
342,u05,2013-03-30,5,5,7,8
343,u05,2013-03-31,10,10,6,10
344,u05,2013-04-01,10,10,10,12
345,u05,2013-04-02,11,11,11,11
346,u05,2013-04-03,11,12,14,11
347,u05,2013-04-04,15,15,15,18
348,u05,2013-04-05,15,18,6,15
349,u05,2013-04-06,6,6,6,6
350,u05,2013-04-07,6,6,9,6
351,u05,2013-04-08,9,14,10,9
352,u05,2013-04-09,7,9,10,9
353,u05,2013-04-10,5,7,10,5
354,u05,2013-04-11,8,8,18,15
355,u05,2013-04-12,7,9,10,7
356,u05,2013-04-13,7,8,8,8
357,u05,2013-04-14,8,16,7,8
358,u05,2013-04-15,7,7,9,7
359,u05,2013-04-16,7,7,7,7
360,u05,2013-04-17,7,7,5,7
361,u05,2013-04-18,5,5,5,5
362,u05,2013-04-19,5,5,6,5
363,u05,2013-04-20,0,7,12,5
364,u05,2013-04-21,5,5,10,7
365,u05,2013-04-22,6,14,16,12
366,u05,2013-04-23,7,7,5,12
367,u05,2013-04-24,5,5,5,5
368,u05,2013-04-25,5,8,8,5
369,u05,2013-04-26,2,7,9,2
370,u05,2013-04-27,6,9,6,6
371,u05,2013-04-28,6,10,14,6
372,u05,2013-04-29,5,12,13,5
373,u05,2013-04-30,7,7,8,12
374,u05,2013-05-01,8,8,8,8
375,u05,2013-05-02,8,8,8,8
376,u05,2013-05-03,4,4,6,8
377,u05,2013-05-04,4,4,5,9
378,u05,2013-05-05,5,5,5,5
379,u05,2013-05-06,5,8,6,9
380,u05,2013-05-07,6,6,0,6
381,u05,2013-05-08,0,9,8,0
382,u05,2013-05-09,7,7,7,8
383,u05,2013-05-10,7,7,8,7
384,u05,2013-05-11,8,8,8,8
385,u05,2013-05-12,8,8,8,8
386,u05,2013-05-13,5,10,7,12
387,u05,2013-05-14,7,7,7,7
388,u05,2013-05-15,3,11,10,1
389,u05,2013-05-16,7,7,7,7
390,u05,2013-05-17,7,7,0,7
391,u05,2013-05-18,0,2,2,0
392,u05,2013-05-19,2,2,4,2
393,u05,2013-05-20,4,4,4,4
394,u05,2013-05-21,0,2,15,4
395,u05,2013-05-22,7,10,8,11
396,u05,2013-05-23,8,8,8,8
397,u05,2013-05-24,0,0,4,0
398,u05,2013-05-25,4,0,0,4
399,u05,2013-05-26,0,0,1,0
400,u05,2013-05-27,7,7,7,9
401,u05,2013-05-28,0,5,14,7
402,u05,2013-05-29,6,13,0,19
403,u07,2013-03-24,7,7,7,8
404,u07,2013-03-25,7,7,7,7
405,u07,2013-03-26,7,8,11,7
406,u07,2013-03-27,11,13,13,22
407,u07,2013-03-28,13,15,14,14
408,u07,2013-03-29,14,15,15,14
409,u07,2013-03-30,20,20,20,18
410,u07,2013-03-31,21,20,29,20
411,u07,2013-04-01,12,15,13,29
412,u07,2013-04-02,18,8,10,14
413,u07,2013-04-03,14,14,14,15
414,u07,2013-04-04,14,14,14,14
415,u07,2013-04-05,18,19,16,20
416,u07,2013-04-06,4,4,5,3
417,u07,2013-04-07,5,5,5,5
418,u07,2013-04-08,5,5,2,5
419,u07,2013-04-09,2,3,3,2
420,u07,2013-04-10,3,5,5,3
421,u07,2013-04-11,8,9,9,8
422,u07,2013-04-12,12,12,12,12
423,u07,2013-04-13,12,12,13,12
424,u07,2013-04-14,13,13,13,13
425,u07,2013-04-15,6,11,22,13
426,u07,2013-04-16,12,13,12,11
427,u07,2013-04-17,13,13,13,13
428,u07,2013-04-18,9,10,12,16
429,u07,2013-04-19,10,14,12,10
430,u07,2013-04-20,9,9,10,18
431,u07,2013-04-21,11,13,13,14
432,u07,2013-04-22,13,16,17,16
433,u07,2013-04-23,13,13,14,21
434,u07,2013-04-24,14,16,14,14
435,u07,2013-04-25,13,13,13,20
436,u07,2013-04-26,13,13,15,13
437,u07,2013-04-27,15,15,15,16
438,u07,2013-04-28,14,14,17,14
439,u07,2013-04-29,9,22,22,23
440,u07,2013-04-30,9,9,12,22
441,u07,2013-05-01,12,13,12,12
442,u07,2013-05-02,12,11,11,12
443,u07,2013-05-03,11,11,11,11
444,u07,2013-05-04,11,11,11,12
445,u07,2013-05-05,11,11,11,11
446,u07,2013-05-06,11,11,11,11
447,u07,2013-05-07,12,12,18,12
448,u07,2013-05-08,4,5,0,29
449,u07,2013-05-09,0,1,2,0
450,u07,2013-05-10,2,2,2,2
451,u07,2013-05-11,2,2,4,2
452,u07,2013-05-12,4,4,6,4
453,u07,2013-05-13,7,11,10,8
454,u07,2013-05-14,8,8,15,11
455,u07,2013-05-15,0,0,0,16
456,u08,2013-03-24,8,7,7,8
457,u08,2013-03-25,7,7,7,7
458,u08,2013-03-26,7,7,9,7
459,u08,2013-03-27,6,19,7,18
460,u08,2013-03-28,5,13,18,9
461,u08,2013-03-29,14,17,18,16
462,u08,2013-03-30,19,22,21,19
463,u08,2013-03-31,19,13,23,19
464,u08,2013-04-01,22,33,22,21
465,u08,2013-04-02,22,26,29,24
466,u08,2013-04-03,19,22,24,33
467,u08,2013-04-04,21,27,27,27
468,u08,2013-04-05,24,27,26,28
469,u08,2013-04-06,9,13,17,7
470,u08,2013-04-07,12,16,22,18
471,u08,2013-04-08,16,20,21,21
472,u08,2013-04-09,18,22,23,21
473,u08,2013-04-10,22,24,24,24
474,u08,2013-04-11,24,24,26,24
475,u08,2013-04-12,26,29,29,25
476,u08,2013-04-13,30,31,38,31
477,u08,2013-04-14,34,39,16,39
478,u08,2013-04-15,15,28,18,19
479,u08,2013-04-16,16,21,18,17
480,u08,2013-04-17,17,24,21,19
481,u08,2013-04-18,20,20,29,20
482,u08,2013-04-19,20,24,26,26
483,u08,2013-04-20,24,23,32,27
484,u08,2013-04-21,28,28,25,26
485,u08,2013-04-22,24,27,35,24
486,u08,2013-04-23,29,28,29,37
487,u08,2013-04-24,28,31,35,33
488,u08,2013-04-25,35,34,37,31
489,u08,2013-04-26,34,39,37,31
490,u08,2013-04-27,27,34,33,31
491,u08,2013-04-28,28,32,16,31
492,u08,2013-04-29,10,14,27,12
493,u08,2013-04-30,26,22,21,29
494,u08,2013-05-01,20,23,26,21
495,u08,2013-05-02,25,28,25,26
496,u08,2013-05-03,25,28,30,25
497,u08,2013-05-04,27,31,17,27
498,u08,2013-05-05,16,19,27,19
499,u08,2013-05-06,12,17,30,20
500,u08,2013-05-07,20,22,23,22
501,u08,2013-05-08,23,28,24,25
502,u08,2013-05-09,24,27,27,25
503,u08,2013-05-10,25,29,25,25
504,u08,2013-05-11,23,30,26,24
505,u08,2013-05-12,25,25,23,26
506,u08,2013-05-13,24,24,23,30
507,u08,2013-05-14,25,26,29,26
508,u08,2013-05-15,24,28,25,27
509,u08,2013-05-16,23,27,15,25
510,u08,2013-05-17,13,14,16,14
511,u08,2013-05-18,13,13,13,13
512,u08,2013-05-19,13,13,21,13
513,u08,2013-05-20,7,11,17,27
514,u08,2013-05-21,14,17,19,20
515,u08,2013-05-22,17,19,22,17
516,u08,2013-05-23,23,12,16,23
517,u08,2013-05-24,16,17,17,17
518,u08,2013-05-25,19,21,20,18
519,u08,2013-05-26,20,3,3,20
520,u08,2013-05-27,17,17,9,21
521,u08,2013-05-28,20,20,20,24
522,u08,2013-05-29,34,0,0,30
523,u09,2013-03-24,5,5,5,5
524,u09,2013-03-25,5,5,5,5
525,u09,2013-03-26,5,6,12,5
526,u09,2013-03-27,5,24,11,15
527,u09,2013-03-28,12,19,11,12
528,u09,2013-03-29,14,20,15,14
529,u09,2013-03-30,15,15,15,15
530,u09,2013-03-31,15,15,0,15
531,u09,2013-04-01,0,10,13,0
532,u09,2013-04-02,9,6,6,9
533,u09,2013-04-03,4,18,13,7
534,u09,2013-04-04,1,9,7,14
535,u09,2013-04-05,7,9,6,7
536,u09,2013-04-06,2,3,6,2
537,u09,2013-04-07,7,7,8,7
538,u09,2013-04-08,8,14,11,8
539,u09,2013-04-09,11,14,15,16
540,u09,2013-04-10,5,7,8,5
541,u09,2013-04-11,8,11,11,8
542,u09,2013-04-12,10,16,22,10
543,u09,2013-04-13,17,20,18,17
544,u09,2013-04-14,15,15,15,15
545,u09,2013-04-15,0,4,5,0
546,u09,2013-04-16,7,11,11,7
547,u09,2013-04-17,11,15,4,11
548,u09,2013-04-18,4,4,6,4
549,u09,2013-04-19,10,15,8,10
550,u09,2013-04-20,8,9,11,8
551,u09,2013-04-21,11,11,14,11
552,u09,2013-04-22,12,13,5,14
553,u09,2013-04-23,7,10,14,16
554,u09,2013-04-24,7,10,9,7
555,u09,2013-04-25,8,10,10,8
556,u09,2013-04-26,4,7,4,12
557,u09,2013-04-27,3,5,5,3
558,u09,2013-04-28,5,8,12,5
559,u09,2013-04-29,5,9,8,6
560,u09,2013-04-30,5,8,7,19
561,u09,2013-05-01,8,10,9,8
562,u09,2013-05-02,3,9,4,10
563,u09,2013-05-03,8,9,10,10
564,u09,2013-05-04,9,9,9,9
565,u09,2013-05-05,9,9,9,9
566,u09,2013-05-06,9,9,12,9
567,u09,2013-05-07,3,7,8,8
568,u09,2013-05-08,7,10,6,14
569,u09,2013-05-09,9,10,13,9
570,u09,2013-05-10,13,24,5,16
571,u09,2013-05-11,5,5,5,5
572,u09,2013-05-12,6,6,6,6
573,u09,2013-05-13,0,7,7,6
574,u09,2013-05-14,7,8,9,7
575,u09,2013-05-15,9,21,7,10
576,u09,2013-05-16,7,7,7,11
577,u09,2013-05-17,8,8,8,8
578,u09,2013-05-18,8,8,8,8
579,u09,2013-05-19,1,3,3,1
580,u09,2013-05-20,3,4,4,3
581,u09,2013-05-21,0,3,4,0
582,u09,2013-05-22,5,13,14,5
583,u09,2013-05-23,13,13,13,13
584,u09,2013-05-24,1,2,2,13
585,u09,2013-05-25,2,2,2,2
586,u09,2013-05-26,3,3,3,3
587,u09,2013-05-27,1,3,3,3
588,u09,2013-05-28,4,4,10,4
589,u09,2013-05-29,15,19,12,18
590,u09,2013-05-30,4,0,2,4
591,u09,2013-05-31,3,3,0,3
592,u09,2013-06-01,0,0,4,0
593,u09,2013-06-02,4,5,5,4
594,u09,2013-06-03,5,5,0,5
595,u10,2013-03-24,10,6,5,7
596,u10,2013-03-25,3,3,3,3
597,u10,2013-03-26,3,3,5,3
598,u10,2013-03-27,5,9,7,5
599,u10,2013-03-28,5,6,6,6
600,u10,2013-03-29,7,8,8,7
601,u10,2013-03-30,9,10,8,10
602,u10,2013-03-31,5,6,6,6
603,u10,2013-04-01,7,9,8,7
604,u10,2013-04-02,7,7,7,7
605,u10,2013-04-03,2,2,3,3
606,u10,2013-04-04,3,3,6,3
607,u10,2013-04-05,5,6,6,5
608,u10,2013-04-06,6,7,6,6
609,u10,2013-04-07,7,7,10,7
610,u10,2013-04-08,7,8,10,9
611,u10,2013-04-09,9,13,11,9
612,u10,2013-04-10,11,11,11,11
613,u10,2013-04-11,10,10,20,11
614,u10,2013-04-12,8,10,13,8
615,u10,2013-04-13,11,12,12,11
616,u10,2013-04-14,11,12,12,11
617,u10,2013-04-15,10,12,12,10
618,u10,2013-04-16,12,15,18,13
619,u10,2013-04-17,13,13,15,13
620,u10,2013-04-18,15,16,21,15
621,u10,2013-04-19,15,17,19,16
622,u10,2013-04-20,15,16,20,18
623,u10,2013-04-21,13,13,13,13
624,u10,2013-04-22,11,14,13,11
625,u10,2013-04-23,13,13,13,13
626,u10,2013-04-24,15,16,15,15
627,u10,2013-04-25,14,15,19,14
628,u10,2013-04-26,16,20,17,16
629,u10,2013-04-27,16,23,30,16
630,u10,2013-04-28,17,24,23,17
631,u10,2013-04-29,18,23,18,22
632,u10,2013-04-30,18,18,18,18
633,u10,2013-05-01,17,17,17,18
634,u10,2013-05-02,17,17,17,17
635,u10,2013-05-03,18,18,22,18
636,u10,2013-05-04,16,17,25,20
637,u10,2013-05-05,17,18,19,17
638,u10,2013-05-06,16,14,17,16
639,u10,2013-05-07,15,16,16,15
640,u10,2013-05-08,16,17,17,16
641,u10,2013-05-09,17,17,17,17
642,u10,2013-05-10,17,18,16,17
643,u10,2013-05-11,16,18,21,16
644,u10,2013-05-12,16,18,16,16
645,u10,2013-05-13,16,20,21,16
646,u10,2013-05-14,19,19,21,19
647,u10,2013-05-15,20,20,22,20
648,u10,2013-05-16,21,22,3,21
649,u10,2013-05-17,3,3,3,3
650,u10,2013-05-18,3,3,4,3
651,u10,2013-05-19,4,4,4,4
652,u10,2013-05-20,4,2,6,4
653,u10,2013-05-21,6,7,6,6
654,u10,2013-05-22,6,2,2,6
655,u10,2013-05-23,2,5,5,2
656,u10,2013-05-24,5,6,6,5
657,u10,2013-05-25,6,6,6,6
658,u10,2013-05-26,6,6,6,6
659,u10,2013-05-27,1,2,2,0
660,u10,2013-05-28,2,3,5,2
661,u10,2013-05-29,5,7,6,6
662,u10,2013-05-30,6,2,3,6
663,u10,2013-05-31,3,3,1,3
664,u10,2013-06-01,2,3,5,2
665,u10,2013-06-02,4,4,0,4
666,u12,2013-03-24,7,6,6,5
667,u12,2013-03-25,6,6,6,6
668,u12,2013-03-26,6,6,7,6
669,u12,2013-03-27,13,19,11,18
670,u12,2013-03-28,12,15,15,16
671,u12,2013-03-29,15,20,20,15
672,u12,2013-03-30,17,18,19,21
673,u12,2013-03-31,18,22,30,18
674,u12,2013-04-01,18,20,19,17
675,u12,2013-04-02,18,19,21,18
676,u12,2013-04-03,18,21,21,19
677,u12,2013-04-04,23,22,25,21
678,u12,2013-04-05,24,27,32,27
679,u12,2013-04-06,12,12,13,11
680,u12,2013-04-07,6,9,6,6
681,u12,2013-04-08,8,8,8,15
682,u12,2013-04-09,4,13,12,10
683,u12,2013-04-10,14,17,17,14
684,u12,2013-04-11,19,24,12,17
685,u12,2013-04-12,17,12,17,13
686,u12,2013-04-13,9,15,18,13
687,u12,2013-04-14,18,25,23,21
688,u12,2013-04-15,21,20,25,25
689,u12,2013-04-16,16,18,20,16
690,u12,2013-04-17,19,20,19,18
691,u12,2013-04-18,19,19,19,18
692,u12,2013-04-19,19,19,20,18
693,u12,2013-04-20,20,20,21,20
694,u12,2013-04-21,21,22,23,21
695,u12,2013-04-22,22,23,22,22
696,u12,2013-04-23,25,23,22,22
697,u12,2013-04-24,12,19,18,25
698,u12,2013-04-25,18,19,21,18
699,u12,2013-04-26,19,19,26,19
700,u12,2013-04-27,9,10,12,8
701,u12,2013-04-28,11,12,11,12
702,u12,2013-04-29,12,13,12,11
703,u12,2013-04-30,14,22,17,17
704,u12,2013-05-01,16,17,16,15
705,u12,2013-05-02,16,16,17,16
706,u12,2013-05-03,17,21,18,17
707,u12,2013-05-04,18,19,26,18
708,u12,2013-05-05,27,29,26,27
709,u12,2013-05-06,26,27,27,26
710,u12,2013-05-07,25,35,10,25
711,u12,2013-05-08,11,12,13,10
712,u12,2013-05-09,13,15,15,13
713,u12,2013-05-10,16,16,22,15
714,u12,2013-05-11,12,12,7,12
715,u12,2013-05-12,7,7,12,7
716,u12,2013-05-13,14,16,17,11
717,u12,2013-05-14,18,7,13,16
718,u12,2013-05-15,14,14,16,12
719,u12,2013-05-16,10,13,18,17
720,u12,2013-05-17,14,18,11,14
721,u12,2013-05-18,10,12,13,11
722,u12,2013-05-19,13,13,15,13
723,u12,2013-05-20,7,14,12,7
724,u12,2013-05-21,13,19,14,13
725,u12,2013-05-22,13,27,13,12
726,u12,2013-05-23,12,15,16,12
727,u12,2013-05-24,15,15,15,15
728,u12,2013-05-25,17,29,16,18
729,u12,2013-05-26,5,15,15,7
730,u12,2013-05-27,0,7,7,13
731,u12,2013-05-28,9,11,19,9
732,u12,2013-05-29,15,18,18,14
733,u12,2013-05-30,17,22,10,17
734,u12,2013-05-31,10,13,11,10
735,u12,2013-06-01,4,5,0,4
736,u12,2013-06-02,4,7,7,4
737,u12,2013-06-03,7,7,0,7
738,u13,2013-03-29,6,7,7,6
739,u13,2013-03-30,7,7,7,7
740,u13,2013-03-31,3,4,4,8
741,u13,2013-04-01,4,7,8,4
742,u13,2013-04-02,8,11,15,8
743,u13,2013-04-03,15,16,16,16
744,u13,2013-04-04,10,14,16,8
745,u13,2013-04-05,15,16,17,15
746,u13,2013-04-06,17,17,17,17
747,u13,2013-04-07,15,15,16,15
748,u13,2013-04-08,16,16,15,16
749,u13,2013-04-09,3,9,9,17
750,u13,2013-04-10,11,15,20,12
751,u13,2013-04-11,15,17,17,18
752,u13,2013-04-12,17,20,22,20
753,u13,2013-04-13,0,2,22,19
754,u13,2013-04-14,9,12,12,11
755,u13,2013-04-15,12,13,20,13
756,u13,2013-04-16,11,22,14,14
757,u13,2013-04-17,10,16,14,21
758,u13,2013-04-18,11,12,16,14
759,u13,2013-04-19,13,17,24,14
760,u13,2013-04-20,15,31,28,30
761,u13,2013-04-21,17,20,21,34
762,u13,2013-04-22,19,27,26,24
763,u13,2013-04-23,20,33,26,23
764,u13,2013-04-24,23,14,23,32
765,u13,2013-04-25,15,23,17,18
766,u13,2013-04-26,12,21,30,18
767,u13,2013-04-27,13,28,30,25
768,u13,2013-04-28,32,40,54,45
769,u13,2013-04-29,14,4,4,26
770,u13,2013-04-30,4,6,14,4
771,u13,2013-05-01,7,11,10,14
772,u13,2013-05-02,10,10,0,10
773,u13,2013-05-03,0,0,4,0
774,u13,2013-05-04,5,4,4,5
775,u13,2013-05-05,5,10,17,6
776,u13,2013-05-06,7,10,5,12
777,u13,2013-05-10,0,9,13,0
778,u13,2013-05-11,13,19,10,17
779,u13,2013-05-12,9,12,13,25
780,u13,2013-05-13,12,17,26,11
781,u13,2013-05-14,16,27,42,28
782,u13,2013-05-15,20,28,30,32
783,u13,2013-05-16,18,20,20,18
784,u13,2013-05-17,20,27,21,20
785,u13,2013-05-18,18,19,21,19
786,u13,2013-05-19,19,23,9,19
787,u13,2013-05-20,9,13,21,10
788,u13,2013-05-21,17,22,13,17
789,u13,2013-05-22,13,4,7,14
790,u13,2013-05-23,10,15,17,11
791,u13,2013-05-24,13,15,21,16
792,u13,2013-05-25,11,19,16,14
793,u13,2013-05-26,0,5,13,0
794,u13,2013-05-27,12,14,14,13
795,u13,2013-05-28,0,6,10,14
796,u13,2013-05-29,11,31,8,13
797,u13,2013-05-30,0,0,0,10
798,u13,2013-06-30,0,0,17,0
799,u13,2013-07-01,15,25,36,17
800,u13,2013-07-02,7,18,15,11
801,u13,2013-07-03,0,17,22,0
802,u13,2013-07-04,2,9,9,2
803,u13,2013-07-05,9,7,15,8
804,u13,2013-07-06,0,0,0,20
805,u13,2013-07-08,0,30,34,0
806,u14,2013-03-24,6,1,4,5
807,u14,2013-03-25,3,3,3,3
808,u14,2013-03-26,3,3,2,3
809,u14,2013-03-27,1,2,5,5
810,u14,2013-03-28,3,4,3,6
811,u14,2013-03-29,2,5,9,3
812,u14,2013-03-30,8,8,7,8
813,u14,2013-03-31,11,5,10,9
814,u14,2013-04-01,4,7,6,5
815,u14,2013-04-02,7,7,10,7
816,u14,2013-04-03,4,6,11,7
817,u14,2013-04-04,5,7,9,10
818,u14,2013-04-05,7,14,9,7
819,u14,2013-04-06,8,10,10,8
820,u14,2013-04-07,11,13,14,12
821,u14,2013-04-08,17,18,17,19
822,u14,2013-04-09,6,12,11,18
823,u14,2013-04-10,11,15,15,11
824,u14,2013-04-11,17,19,19,18
825,u14,2013-04-12,19,24,30,19
826,u14,2013-04-13,0,1,21,21
827,u14,2013-04-14,12,16,30,12
828,u14,2013-04-15,16,19,18,16
829,u14,2013-04-16,19,19,22,19
830,u14,2013-04-17,10,15,17,10
831,u14,2013-04-18,18,19,20,18
832,u14,2013-04-19,8,12,12,22
833,u14,2013-04-20,12,12,16,12
834,u14,2013-04-21,15,14,16,24
835,u14,2013-04-22,16,25,21,24
836,u14,2013-04-23,17,18,18,17
837,u14,2013-04-24,18,27,21,18
838,u14,2013-04-25,19,19,20,19
839,u14,2013-04-26,22,24,24,27
840,u14,2013-04-27,25,3,10,25
841,u14,2013-04-28,8,9,11,8
842,u14,2013-04-29,29,22,23,20
843,u14,2013-04-30,16,16,16,16
844,u14,2013-05-01,16,20,21,16
845,u14,2013-05-02,21,21,20,21
846,u14,2013-05-03,20,22,13,20
847,u14,2013-05-04,11,11,10,11
848,u14,2013-05-05,11,15,14,18
849,u14,2013-05-06,15,16,16,18
850,u14,2013-05-07,16,17,19,17
851,u14,2013-05-08,7,9,9,14
852,u14,2013-05-09,9,9,10,9
853,u14,2013-05-10,0,0,0,10
854,u14,2013-05-11,0,5,5,0
855,u14,2013-05-12,5,8,8,5
856,u14,2013-05-13,3,3,8,10
857,u14,2013-05-14,6,7,13,6
858,u14,2013-05-15,5,12,9,7
859,u14,2013-05-16,0,3,4,0
860,u14,2013-05-17,3,3,3,3
861,u14,2013-05-19,0,0,2,0
862,u14,2013-05-20,14,17,17,11
863,u14,2013-05-21,17,17,0,17
864,u14,2013-05-22,1,4,4,0
865,u14,2013-05-24,1,2,2,1
866,u14,2013-05-25,0,0,4,0
867,u14,2013-05-26,0,2,3,12
868,u14,2013-05-27,0,0,1,3
869,u14,2013-05-28,8,6,12,7
870,u14,2013-05-29,8,8,8,9
871,u14,2013-05-30,8,8,8,8
872,u14,2013-06-03,3,4,0,0
873,u15,2013-03-24,4,5,5,5
874,u15,2013-03-25,5,5,5,5
875,u15,2013-03-26,5,5,6,5
876,u15,2013-03-27,9,11,5,19
877,u15,2013-03-28,5,0,2,5
878,u15,2013-03-29,3,6,9,4
879,u15,2013-03-30,14,15,24,14
880,u15,2013-03-31,12,12,15,12
881,u15,2013-04-01,14,16,15,14
882,u15,2013-04-02,15,0,0,15
883,u15,2013-04-03,11,13,10,15
884,u15,2013-04-04,0,0,0,10
885,u15,2013-04-05,3,3,2,3
886,u15,2013-04-06,5,5,6,8
887,u15,2013-04-07,5,2,4,5
888,u15,2013-04-08,7,9,8,10
889,u15,2013-04-09,6,7,7,15
890,u15,2013-04-10,11,11,11,11
891,u15,2013-04-11,0,0,0,11
892,u15,2013-04-12,0,12,6,0
893,u15,2013-04-13,4,4,4,4
894,u15,2013-04-14,4,4,7,4
895,u15,2013-04-15,7,14,13,10
896,u15,2013-04-16,14,14,14,17
897,u15,2013-04-17,14,3,3,15
898,u15,2013-04-18,0,5,5,0
899,u15,2013-04-19,0,2,2,0
900,u15,2013-04-20,0,0,6,0
901,u15,2013-04-21,7,8,2,7
902,u15,2013-04-22,4,5,7,5
903,u15,2013-04-23,10,10,10,17
904,u15,2013-04-25,0,2,2,0
905,u15,2013-04-28,0,0,11,0
906,u15,2013-04-29,9,9,12,17
907,u15,2013-04-30,8,8,0,10
908,u15,2013-05-05,0,3,5,0
909,u15,2013-05-06,8,8,8,15
910,u15,2013-05-07,7,0,0,9
911,u15,2013-05-08,8,8,8,11
912,u15,2013-05-10,0,3,3,0
913,u15,2013-05-13,1,6,6,0
914,u15,2013-05-14,7,7,7,7
915,u15,2013-05-15,9,15,11,9
916,u15,2013-05-16,11,0,0,11
917,u15,2013-05-25,0,0,5,0
918,u15,2013-05-26,0,0,2,0
919,u15,2013-05-27,0,0,6,0
920,u15,2013-05-28,6,6,6,6
921,u15,2013-05-29,0,13,9,0
922,u15,2013-05-30,0,0,0,3
923,u15,2013-05-31,0,1,0,0
924,u16,2013-03-24,8,7,7,7
925,u16,2013-03-25,7,7,7,7
926,u16,2013-03-26,7,7,2,7
927,u16,2013-03-27,7,18,17,10
928,u16,2013-03-28,3,7,6,12
929,u16,2013-03-29,9,14,24,14
930,u16,2013-03-30,9,9,13,10
931,u16,2013-03-31,9,9,13,9
932,u16,2013-04-01,15,18,17,16
933,u16,2013-04-02,5,11,8,5
934,u16,2013-04-03,4,14,12,8
935,u16,2013-04-04,6,8,16,6
936,u16,2013-04-05,1,5,8,3
937,u16,2013-04-06,5,5,8,5
938,u16,2013-04-07,6,9,11,8
939,u16,2013-04-08,1,12,8,6
940,u16,2013-04-09,0,4,7,7
941,u16,2013-04-10,7,10,11,8
942,u16,2013-04-11,0,5,10,10
943,u16,2013-04-12,3,5,8,11
944,u16,2013-04-13,7,11,13,7
945,u16,2013-04-14,10,13,16,23
946,u16,2013-04-15,18,20,17,20
947,u16,2013-04-16,14,14,14,16
948,u16,2013-04-17,10,15,16,10
949,u16,2013-04-18,14,16,16,18
950,u16,2013-04-19,15,16,15,18
951,u16,2013-04-20,6,15,11,16
952,u16,2013-04-21,2,4,13,7
953,u16,2013-04-22,10,13,17,10
954,u16,2013-04-23,10,15,13,17
955,u16,2013-04-24,11,7,7,13
956,u16,2013-04-25,6,2,1,6
957,u16,2013-04-26,8,10,11,9
958,u16,2013-04-27,10,15,12,16
959,u16,2013-04-28,8,14,14,13
960,u16,2013-04-29,6,18,25,7
961,u16,2013-04-30,9,12,12,17
962,u16,2013-05-01,2,6,5,3
963,u16,2013-05-02,4,9,11,11
964,u16,2013-05-03,5,9,10,7
965,u16,2013-05-04,2,5,7,8
966,u16,2013-05-05,3,8,9,3
967,u16,2013-05-06,9,12,7,10
968,u16,2013-05-07,9,22,9,13
969,u16,2013-05-08,7,14,13,9
970,u16,2013-05-09,12,12,14,12
971,u16,2013-05-10,11,17,8,11
972,u16,2013-05-11,9,11,10,10
973,u16,2013-05-12,5,3,3,4
974,u16,2013-05-13,4,19,5,5
975,u16,2013-05-14,6,12,9,7
976,u16,2013-05-15,8,12,12,16
977,u16,2013-05-16,12,2,2,12
978,u16,2013-05-17,4,5,12,4
979,u16,2013-05-18,0,7,5,11
980,u16,2013-05-19,5,6,6,6
981,u16,2013-05-20,6,13,12,6
982,u16,2013-05-21,2,7,7,16
983,u16,2013-05-22,7,13,16,7
984,u16,2013-05-23,15,15,16,21
985,u16,2013-05-24,16,19,30,18
986,u16,2013-05-25,16,24,24,16
987,u16,2013-05-26,5,14,14,20
988,u16,2013-05-27,9,17,13,12
989,u16,2013-05-28,14,18,23,17
990,u16,2013-05-29,23,0,0,19
991,u17,2013-03-24,4,5,5,4
992,u17,2013-03-25,5,5,5,5
993,u17,2013-03-26,5,5,3,5
994,u17,2013-03-27,1,5,3,3
995,u17,2013-03-28,3,7,6,4
996,u17,2013-03-29,4,9,5,4
997,u17,2013-03-30,5,7,16,6
998,u17,2013-03-31,7,9,7,10
999,u17,2013-04-01,2,8,5,4
1000,u17,2013-04-02,3,3,3,4
1001,u17,2013-04-03,3,5,4,4
1002,u17,2013-04-04,4,6,3,5
1003,u17,2013-04-05,3,5,4,3
1004,u17,2013-04-06,4,4,6,6
1005,u17,2013-04-07,3,5,7,5
1006,u17,2013-04-08,4,4,6,5
1007,u17,2013-04-09,5,5,6,14
1008,u17,2013-04-10,4,10,6,5
1009,u17,2013-04-11,4,6,5,6
1010,u17,2013-04-12,5,11,6,6
1011,u17,2013-04-13,6,6,6,6
1012,u17,2013-04-14,6,6,6,6
1013,u17,2013-04-15,10,12,18,7
1014,u17,2013-04-16,14,13,18,27
1015,u17,2013-04-17,14,15,15,14
1016,u17,2013-04-18,14,16,20,17
1017,u17,2013-04-19,14,14,14,14
1018,u17,2013-04-20,14,2,2,14
1019,u17,2013-04-21,2,2,4,2
1020,u17,2013-04-22,3,3,7,3
1021,u17,2013-04-23,14,6,15,16
1022,u17,2013-04-24,11,13,13,16
1023,u17,2013-04-25,13,13,18,13
1024,u17,2013-04-26,5,7,7,9
1025,u17,2013-04-27,7,7,7,7
1026,u17,2013-04-28,9,9,9,16
1027,u17,2013-04-29,3,3,6,10
1028,u17,2013-04-30,13,7,14,12
1029,u17,2013-05-01,18,15,12,21
1030,u17,2013-05-02,12,12,18,12
1031,u17,2013-05-03,14,14,14,14
1032,u17,2013-05-04,14,14,14,15
1033,u17,2013-05-05,17,17,18,16
1034,u17,2013-05-06,15,17,16,20
1035,u17,2013-05-07,14,17,22,22
1036,u17,2013-05-08,11,12,11,17
1037,u17,2013-05-09,11,11,0,11
1038,u17,2013-05-10,0,1,0,0
1039,u17,2013-05-11,2,3,3,2
1040,u17,2013-05-12,3,3,4,3
1041,u17,2013-05-13,5,8,6,5
1042,u17,2013-05-14,6,7,16,7
1043,u17,2013-05-15,11,11,11,11
1044,u17,2013-05-16,11,11,11,11
1045,u17,2013-05-17,11,11,11,11
1046,u17,2013-05-18,12,12,12,13
1047,u17,2013-05-19,12,12,12,12
1048,u17,2013-05-20,13,13,13,15
1049,u17,2013-05-21,13,13,3,13
1050,u17,2013-05-22,3,3,5,3
1051,u17,2013-05-23,4,4,4,4
1052,u17,2013-05-24,2,3,3,4
1053,u17,2013-05-25,3,3,4,3
1054,u17,2013-05-26,3,3,3,3
1055,u17,2013-05-27,3,3,3,3
1056,u17,2013-05-28,3,3,3,3
1057,u17,2013-05-29,4,7,8,5
1058,u17,2013-05-30,6,6,6,6
1059,u17,2013-05-31,6,6,6,6
1060,u17,2013-06-01,6,5,5,6
1061,u18,2013-03-24,4,4,4,4
1062,u18,2013-03-25,4,4,4,4
1063,u18,2013-03-26,4,4,7,4
1064,u18,2013-03-27,7,18,13,12
1065,u18,2013-03-28,13,14,14,13
1066,u18,2013-03-29,12,14,15,13
1067,u18,2013-03-30,14,17,22,14
1068,u18,2013-03-31,17,17,19,21
1069,u18,2013-04-01,18,21,21,18
1070,u18,2013-04-02,21,23,23,21
1071,u18,2013-04-03,22,22,23,29
1072,u18,2013-04-04,23,23,22,23
1073,u18,2013-04-05,22,24,23,22
1074,u18,2013-04-06,23,23,23,23
1075,u18,2013-04-08,4,6,12,4
1076,u18,2013-04-09,7,7,11,7
1077,u18,2013-04-10,11,14,12,11
1078,u18,2013-04-11,12,17,18,12
1079,u18,2013-04-12,18,20,20,18
1080,u18,2013-04-13,20,20,20,20
1081,u18,2013-04-14,20,21,21,20
1082,u18,2013-04-15,21,21,34,22
1083,u18,2013-04-16,24,25,26,30
1084,u18,2013-04-17,26,26,27,26
1085,u18,2013-04-18,27,28,28,27
1086,u18,2013-04-19,27,27,26,27
1087,u18,2013-04-20,28,27,29,27
1088,u18,2013-04-21,30,31,31,30
1089,u18,2013-04-22,31,32,37,31
1090,u18,2013-04-23,40,44,36,39
1091,u18,2013-04-24,36,37,36,37
1092,u18,2013-04-25,0,6,16,36
1093,u18,2013-04-26,18,18,18,20
1094,u18,2013-04-27,20,20,20,20
1095,u18,2013-04-28,21,21,20,20
1096,u18,2013-04-29,20,20,28,20
1097,u18,2013-04-30,39,26,25,29
1098,u18,2013-05-01,25,25,25,25
1099,u18,2013-05-02,25,27,26,25
1100,u18,2013-05-03,26,26,26,26
1101,u18,2013-05-04,26,26,28,26
1102,u18,2013-05-05,27,27,27,27
1103,u18,2013-05-06,27,27,27,27
1104,u18,2013-05-07,27,27,30,27
1105,u18,2013-05-08,30,30,0,36
1106,u18,2013-05-14,0,0,11,0
1107,u18,2013-05-15,12,13,12,12
1108,u18,2013-05-16,13,15,13,13
1109,u18,2013-05-17,13,13,13,13
1110,u18,2013-05-18,12,12,12,12
1111,u18,2013-05-19,12,12,12,12
1112,u18,2013-05-20,0,3,3,0
1113,u18,2013-05-21,3,3,3,3
1114,u18,2013-05-22,3,3,3,3
1115,u18,2013-05-23,3,3,8,3
1116,u18,2013-05-24,8,8,8,8
1117,u18,2013-05-25,9,9,16,10
1118,u18,2013-05-26,18,13,0,19
1119,u18,2013-05-29,6,6,2,0
1120,u19,2013-03-24,5,5,5,4
1121,u19,2013-03-25,5,5,5,5
1122,u19,2013-03-26,5,6,6,5
1123,u19,2013-03-27,18,19,21,24
1124,u19,2013-03-28,23,26,22,23
1125,u19,2013-03-29,22,25,23,23
1126,u19,2013-03-30,0,18,22,22
1127,u19,2013-04-01,4,16,20,4
1128,u19,2013-04-02,18,21,26,18
1129,u19,2013-04-03,14,15,16,16
1130,u19,2013-04-04,13,14,17,26
1131,u19,2013-04-05,17,18,20,18
1132,u19,2013-04-06,20,20,17,22
1133,u19,2013-04-07,10,15,15,26
1134,u19,2013-04-08,18,19,20,20
1135,u19,2013-04-09,19,22,27,20
1136,u19,2013-04-10,22,24,21,23
1137,u19,2013-04-11,21,24,31,21
1138,u19,2013-04-12,6,9,10,14
1139,u19,2013-04-13,10,17,11,12
1140,u19,2013-04-14,13,16,18,15
1141,u19,2013-04-15,5,11,9,17
1142,u19,2013-04-16,7,10,21,11
1143,u19,2013-04-17,10,15,15,17
1144,u19,2013-04-18,14,18,20,18
1145,u19,2013-04-19,19,20,20,22
1146,u19,2013-04-20,20,20,21,26
1147,u19,2013-04-21,21,22,23,25
1148,u19,2013-04-22,22,30,32,24
1149,u19,2013-04-23,24,24,32,28
1150,u19,2013-04-24,23,23,23,26
1151,u19,2013-04-25,23,24,25,29
1152,u19,2013-04-26,27,27,27,33
1153,u19,2013-04-27,26,26,28,27
1154,u19,2013-04-28,28,28,29,28
1155,u19,2013-04-29,28,32,31,40
1156,u19,2013-04-30,30,32,32,35
1157,u19,2013-05-01,30,30,31,30
1158,u19,2013-05-02,30,33,38,31
1159,u19,2013-05-03,30,37,36,34
1160,u19,2013-05-04,36,37,37,37
1161,u19,2013-05-05,37,37,36,38
1162,u19,2013-05-06,36,46,36,36
1163,u19,2013-05-07,2,3,7,36
1164,u19,2013-05-08,10,10,11,11
1165,u19,2013-05-09,10,10,13,12
1166,u19,2013-05-10,11,12,15,12
1167,u19,2013-05-11,14,18,20,18
1168,u19,2013-05-12,15,20,25,16
1169,u19,2013-05-13,19,18,19,20
1170,u19,2013-05-14,17,19,19,20
1171,u19,2013-05-15,19,21,20,22
1172,u19,2013-05-16,22,23,30,22
1173,u19,2013-05-17,25,31,28,28
1174,u19,2013-05-18,23,24,24,29
1175,u19,2013-05-19,25,27,25,29
1176,u19,2013-05-20,25,25,26,26
1177,u19,2013-05-21,27,29,35,27
1178,u19,2013-05-22,31,31,33,35
1179,u19,2013-05-23,32,34,34,33
1180,u19,2013-05-24,9,13,14,39
1181,u19,2013-05-25,17,27,24,20
1182,u19,2013-05-26,22,23,25,28
1183,u19,2013-05-27,24,27,31,33
1184,u19,2013-05-28,24,25,27,29
1185,u19,2013-05-29,37,35,35,34
1186,u19,2013-05-30,4,5,6,32
1187,u19,2013-05-31,8,10,17,10
1188,u19,2013-06-01,15,15,0,16
1189,u20,2013-03-24,7,7,7,10
1190,u20,2013-03-25,7,7,7,7
1191,u20,2013-03-26,7,7,7,7
1192,u20,2013-03-27,0,6,22,9
1193,u20,2013-03-28,13,14,15,16
1194,u20,2013-03-29,9,9,10,22
1195,u20,2013-03-30,10,10,10,10
1196,u20,2013-04-01,14,18,24,12
1197,u20,2013-04-02,10,11,13,14
1198,u20,2013-04-03,12,13,13,14
1199,u20,2013-04-04,14,16,18,16
1200,u20,2013-04-05,13,13,13,13
1201,u20,2013-04-06,16,16,16,16
1202,u20,2013-04-07,15,18,21,22
1203,u20,2013-04-08,14,14,15,22
1204,u20,2013-04-09,13,13,17,13
1205,u20,2013-04-10,17,17,21,17
1206,u20,2013-04-11,17,19,24,17
1207,u20,2013-04-12,14,16,19,30
1208,u20,2013-04-13,15,15,21,28
1209,u20,2013-04-14,14,15,15,16
1210,u20,2013-04-15,15,0,0,15
1211,u20,2013-04-19,0,1,0,0
1212,u20,2013-04-20,2,2,2,1
1213,u20,2013-04-21,2,2,2,2
1214,u20,2013-04-22,7,15,18,6
1215,u20,2013-04-23,4,5,6,6
1216,u20,2013-04-24,7,8,21,9
1217,u20,2013-04-25,11,14,15,13
1218,u20,2013-04-26,10,11,13,12
1219,u20,2013-04-27,13,13,13,15
1220,u20,2013-04-28,12,12,19,13
1221,u20,2013-04-29,4,10,16,25
1222,u20,2013-04-30,5,6,6,9
1223,u20,2013-05-01,6,6,0,6
1224,u20,2013-05-04,0,2,7,0
1225,u20,2013-05-05,6,7,10,9
1226,u20,2013-05-06,8,12,16,9
1227,u20,2013-05-07,10,10,10,10
1228,u20,2013-05-08,10,10,10,10
1229,u20,2013-05-10,0,2,2,0
1230,u20,2013-05-11,2,2,2,4
1231,u20,2013-05-12,2,0,0,2
1232,u20,2013-05-13,6,5,6,3
1233,u20,2013-05-14,9,7,9,8
1234,u20,2013-05-15,10,10,8,13
1235,u20,2013-05-16,8,9,9,8
1236,u20,2013-05-17,9,9,10,9
1237,u20,2013-05-18,10,10,10,10
1238,u20,2013-05-19,0,0,3,0
1239,u20,2013-05-20,3,3,4,3
1240,u20,2013-05-21,4,4,4,4
1241,u20,2013-05-22,0,0,0,4
1242,u22,2013-03-24,7,8,8,9
1243,u22,2013-03-25,8,8,8,8
1244,u22,2013-03-26,8,8,8,8
1245,u22,2013-03-27,7,10,9,11
1246,u22,2013-03-28,8,10,11,12
1247,u22,2013-03-29,9,12,9,10
1248,u22,2013-03-30,9,9,10,10
1249,u22,2013-03-31,11,12,16,10
1250,u22,2013-04-01,7,8,11,8
1251,u22,2013-04-02,10,11,16,12
1252,u22,2013-04-03,13,13,15,13
1253,u22,2013-04-04,11,18,21,15
1254,u22,2013-04-05,17,18,20,21
1255,u22,2013-04-06,18,20,21,18
1256,u22,2013-04-07,19,19,7,19
1257,u22,2013-04-08,7,7,15,7
1258,u22,2013-04-09,11,12,20,12
1259,u22,2013-04-10,16,19,19,16
1260,u22,2013-04-11,18,20,22,18
1261,u22,2013-04-12,19,21,25,21
1262,u22,2013-04-13,23,23,43,23
1263,u22,2013-04-14,28,31,28,28
1264,u22,2013-04-15,26,26,30,27
1265,u22,2013-04-16,25,26,27,26
1266,u22,2013-04-17,26,26,26,26
1267,u22,2013-04-18,26,27,27,26
1268,u22,2013-04-19,26,29,10,28
1269,u22,2013-04-20,13,16,28,18
1270,u22,2013-04-21,16,19,30,20
1271,u22,2013-04-22,19,21,37,25
1272,u22,2013-04-23,23,26,25,36
1273,u22,2013-04-24,23,24,27,23
1274,u22,2013-04-25,22,7,0,30
1275,u22,2013-04-27,0,0,13,0
1276,u22,2013-04-28,10,15,20,24
1277,u22,2013-04-29,0,1,0,10
1278,u22,2013-05-03,0,0,20,0
1279,u22,2013-05-04,20,20,19,20
1280,u22,2013-05-05,0,7,7,0
1281,u22,2013-05-06,11,12,3,14
1282,u22,2013-05-07,5,7,14,6
1283,u22,2013-05-08,14,16,15,15
1284,u22,2013-05-09,15,16,18,15
1285,u22,2013-05-10,5,7,10,19
1286,u22,2013-05-11,11,6,7,10
1287,u22,2013-05-12,8,3,9,11
1288,u22,2013-05-13,7,8,8,8
1289,u22,2013-05-14,14,15,21,13
1290,u22,2013-05-15,9,19,28,24
1291,u22,2013-05-16,26,26,33,29
1292,u22,2013-05-17,28,29,11,30
1293,u22,2013-05-18,7,9,14,8
1294,u22,2013-05-19,0,0,11,11
1295,u22,2013-05-20,21,24,23,22
1296,u22,2013-05-21,6,0,5,5
1297,u22,2013-05-22,10,10,14,11
1298,u22,2013-05-23,14,16,15,13
1299,u22,2013-05-24,13,16,15,15
1300,u22,2013-05-25,15,0,0,17
1301,u22,2013-05-27,8,13,13,10
1302,u22,2013-05-28,16,12,12,14
1303,u22,2013-05-29,12,0,0,13
1304,u22,2013-05-30,10,10,14,0
1305,u22,2013-05-31,8,8,9,12
1306,u22,2013-06-01,7,8,9,13
1307,u22,2013-06-02,8,0,6,10
1308,u22,2013-06-03,13,2,4,15
1309,u23,2013-03-24,8,7,7,8
1310,u23,2013-03-25,7,7,7,7
1311,u23,2013-03-26,7,7,0,7
1312,u23,2013-03-27,0,5,32,2
1313,u23,2013-03-28,2,8,7,7
1314,u23,2013-03-29,6,20,14,13
1315,u23,2013-03-30,5,10,11,14
1316,u23,2013-03-31,4,19,6,7
1317,u23,2013-04-01,4,11,5,11
1318,u23,2013-04-02,4,8,11,6
1319,u23,2013-04-03,0,0,5,0
1320,u23,2013-04-04,9,7,11,3
1321,u23,2013-04-05,3,6,4,3
1322,u23,2013-04-06,6,6,5,9
1323,u23,2013-04-07,4,3,9,5
1324,u23,2013-04-08,6,9,4,3
1325,u23,2013-04-09,4,6,12,6
1326,u23,2013-04-10,6,7,7,1
1327,u23,2013-04-11,8,8,11,6
1328,u23,2013-04-12,9,8,8,6
1329,u23,2013-04-13,7,6,13,5
1330,u23,2013-04-14,6,4,3,3
1331,u23,2013-04-15,5,2,2,5
1332,u23,2013-04-16,3,3,4,2
1333,u23,2013-04-17,6,3,7,2
1334,u23,2013-04-18,7,6,5,4
1335,u23,2013-04-19,4,12,9,8
1336,u23,2013-04-20,4,5,3,5
1337,u23,2013-04-21,7,10,13,4
1338,u23,2013-04-22,12,7,10,6
1339,u23,2013-04-23,6,5,12,4
1340,u23,2013-04-24,5,5,10,2
1341,u23,2013-04-25,7,9,9,5
1342,u23,2013-04-26,6,8,6,4
1343,u23,2013-04-27,7,3,8,4
1344,u23,2013-04-28,6,11,12,3
1345,u23,2013-04-29,11,14,3,5
1346,u23,2013-04-30,4,8,10,2
1347,u23,2013-05-01,5,5,8,3
1348,u23,2013-05-02,4,5,9,3
1349,u23,2013-05-03,10,5,14,4
1350,u23,2013-05-04,6,15,7,3
1351,u23,2013-05-05,7,5,13,6
1352,u23,2013-05-06,5,4,8,3
1353,u23,2013-05-07,5,5,12,5
1354,u23,2013-05-08,7,7,10,3
1355,u23,2013-05-09,7,4,5,5
1356,u23,2013-05-10,4,2,8,5
1357,u23,2013-05-11,5,9,10,4
1358,u23,2013-05-12,6,5,5,3
1359,u23,2013-05-13,4,5,6,3
1360,u23,2013-05-14,5,5,9,6
1361,u23,2013-05-15,9,10,11,7
1362,u23,2013-05-16,7,7,9,6
1363,u23,2013-05-17,10,10,12,6
1364,u23,2013-05-18,8,8,7,13
1365,u23,2013-05-19,6,9,9,5
1366,u23,2013-05-20,11,11,12,8
1367,u23,2013-05-21,9,11,9,9
1368,u23,2013-05-22,9,8,10,6
1369,u23,2013-05-23,7,9,0,6
1370,u24,2013-03-24,6,6,6,8
1371,u24,2013-03-25,6,6,6,6
1372,u24,2013-03-26,6,6,0,6
1373,u24,2013-03-27,0,6,17,0
1374,u24,2013-03-28,13,13,16,14
1375,u24,2013-03-29,17,20,10,18
1376,u24,2013-03-30,10,11,19,10
1377,u24,2013-03-31,13,14,14,13
1378,u24,2013-04-01,18,18,18,19
1379,u24,2013-04-02,18,18,23,18
1380,u24,2013-04-03,19,19,19,23
1381,u24,2013-04-04,11,12,13,11
1382,u24,2013-04-05,3,4,7,3
1383,u24,2013-04-06,1,3,3,6
1384,u24,2013-04-07,3,3,3,3
1385,u24,2013-04-08,3,3,13,3
1386,u24,2013-04-09,7,7,13,20
1387,u24,2013-04-10,12,12,12,12
1388,u24,2013-04-11,12,12,14,12
1389,u24,2013-04-12,17,18,18,36
1390,u24,2013-04-13,18,19,29,18
1391,u24,2013-04-14,17,16,22,16
1392,u24,2013-04-15,19,19,22,19
1393,u24,2013-04-16,28,26,33,26
1394,u24,2013-04-17,33,25,14,50
1395,u24,2013-04-18,10,10,13,7
1396,u24,2013-04-19,15,16,17,13
1397,u24,2013-04-20,18,10,20,18
1398,u24,2013-04-21,5,12,12,18
1399,u24,2013-04-22,13,15,25,21
1400,u24,2013-04-23,18,16,26,26
1401,u24,2013-04-24,20,20,20,18
1402,u24,2013-04-25,21,20,20,22
1403,u24,2013-04-26,5,5,8,24
1404,u24,2013-04-27,4,4,4,4
1405,u25,2013-03-24,5,4,4,7
1406,u25,2013-03-25,4,4,4,4
1407,u25,2013-03-26,4,4,0,4
1408,u25,2013-03-27,0,2,4,0
1409,u25,2013-03-28,0,4,2,6
1410,u25,2013-03-29,0,2,2,2
1411,u25,2013-03-30,1,3,3,2
1412,u25,2013-03-31,1,2,5,2
1413,u25,2013-04-01,2,3,3,9
1414,u25,2013-04-02,1,2,4,3
1415,u25,2013-04-03,0,4,5,3
1416,u25,2013-04-04,0,4,3,6
1417,u25,2013-04-05,0,2,4,3
1418,u25,2013-04-06,1,2,2,4
1419,u25,2013-04-07,2,2,2,2
1420,u25,2013-04-08,0,3,3,2
1421,u25,2013-04-09,2,2,2,4
1422,u25,2013-04-10,0,4,2,2
1423,u25,2013-04-11,0,4,4,3
1424,u25,2013-04-12,0,1,6,3
1425,u25,2013-04-13,4,6,8,4
1426,u25,2013-04-14,0,0,2,5
1427,u25,2013-04-15,5,5,6,8
1428,u25,2013-04-16,4,5,0,6
1429,u25,2013-04-17,0,1,2,0
1430,u25,2013-04-18,1,2,2,4
1431,u25,2013-04-19,2,2,2,2
1432,u25,2013-04-20,2,0,1,2
1433,u25,2013-04-21,2,3,3,3
1434,u25,2013-04-22,2,4,4,4
1435,u25,2013-04-23,0,2,2,8
1436,u25,2013-04-24,2,2,2,2
1437,u25,2013-04-26,0,2,2,0
1438,u25,2013-04-27,2,2,2,2
1439,u25,2013-04-28,0,0,0,2
1440,u25,2013-04-29,1,2,2,1
1441,u25,2013-04-30,3,4,4,8
1442,u25,2013-05-01,0,0,0,4
1443,u25,2013-05-02,0,0,0,4
1444,u25,2013-05-03,0,15,12,0
1445,u25,2013-05-04,0,0,0,4
1446,u25,2013-05-05,2,2,2,2
1447,u25,2013-05-06,1,0,0,6
1448,u25,2013-05-13,0,0,0,2
1449,u25,2013-05-15,4,8,5,4
1450,u25,2013-05-16,0,0,0,5
1451,u25,2013-05-24,0,0,2,0
1452,u25,2013-05-25,2,0,1,4
1453,u25,2013-05-26,0,0,6,0
1454,u25,2013-05-27,0,0,1,6
1455,u25,2013-05-28,0,0,2,0
1456,u25,2013-05-29,8,0,0,3
1457,u27,2013-03-24,6,4,4,5
1458,u27,2013-03-25,4,4,4,4
1459,u27,2013-03-26,4,4,0,4
1460,u27,2013-03-27,0,2,9,0
1461,u27,2013-03-28,0,8,21,9
1462,u27,2013-03-29,7,10,14,17
1463,u27,2013-03-30,5,5,15,14
1464,u27,2013-03-31,7,7,15,7
1465,u27,2013-04-01,6,11,15,25
1466,u27,2013-04-02,5,8,14,11
1467,u27,2013-04-03,10,17,12,15
1468,u27,2013-04-04,7,10,8,10
1469,u27,2013-04-05,8,12,13,11
1470,u27,2013-04-06,9,9,13,11
1471,u27,2013-04-07,17,11,14,17
1472,u27,2013-04-08,9,11,9,8
1473,u27,2013-04-09,0,0,9,9
1474,u27,2013-04-10,5,12,7,15
1475,u27,2013-04-11,5,9,11,5
1476,u27,2013-04-12,9,12,10,12
1477,u27,2013-04-13,0,1,6,9
1478,u27,2013-04-14,13,5,11,10
1479,u27,2013-04-15,11,10,23,16
1480,u27,2013-04-16,7,6,6,15
1481,u27,2013-04-17,5,9,8,12
1482,u27,2013-04-18,6,7,8,9
1483,u27,2013-04-19,7,8,10,7
1484,u27,2013-04-20,6,7,6,7
1485,u27,2013-04-21,2,3,10,7
1486,u27,2013-04-22,20,13,17,16
1487,u27,2013-04-23,19,13,18,26
1488,u27,2013-04-24,14,7,8,13
1489,u27,2013-04-25,0,11,13,10
1490,u27,2013-04-26,8,9,11,10
1491,u27,2013-04-27,7,7,7,10
1492,u27,2013-04-28,6,6,10,8
1493,u27,2013-04-29,16,8,19,16
1494,u27,2013-04-30,8,11,24,13
1495,u27,2013-05-01,6,10,9,15
1496,u27,2013-05-02,8,14,12,10
1497,u27,2013-05-03,9,9,10,8
1498,u27,2013-05-04,11,0,5,15
1499,u27,2013-05-05,4,5,6,4
1500,u27,2013-05-06,8,8,9,8
1501,u27,2013-05-07,7,7,15,11
1502,u27,2013-05-08,5,9,6,13
1503,u27,2013-05-09,9,7,6,7
1504,u27,2013-05-10,5,7,7,5
1505,u27,2013-05-11,6,6,6,6
1506,u27,2013-05-12,6,6,7,7
1507,u27,2013-05-13,8,7,7,7
1508,u27,2013-05-14,6,6,15,8
1509,u27,2013-05-15,7,16,10,12
1510,u27,2013-05-16,8,8,9,8
1511,u27,2013-05-17,11,10,7,10
1512,u27,2013-05-18,8,10,17,8
1513,u27,2013-05-19,10,10,11,12
1514,u27,2013-05-20,9,8,17,16
1515,u27,2013-05-21,6,9,8,15
1516,u27,2013-05-22,8,10,9,8
1517,u27,2013-05-23,6,8,6,8
1518,u27,2013-05-24,6,6,6,6
1519,u27,2013-05-25,6,6,5,6
1520,u27,2013-05-26,9,7,10,5
1521,u27,2013-05-27,10,17,17,16
1522,u27,2013-05-28,10,12,27,22
1523,u27,2013-05-29,32,11,10,26
1524,u27,2013-05-30,5,6,6,11
1525,u27,2013-05-31,5,7,13,7
1526,u27,2013-06-01,3,0,5,6
1527,u27,2013-06-02,7,4,10,7
1528,u27,2013-06-03,11,4,0,6
1529,u30,2013-03-24,3,3,3,4
1530,u30,2013-03-25,3,3,3,3
1531,u30,2013-03-26,3,3,0,3
1532,u30,2013-03-27,0,2,8,0
1533,u30,2013-03-28,7,10,9,12
1534,u30,2013-03-29,7,9,10,8
1535,u30,2013-03-30,10,11,11,9
1536,u30,2013-03-31,13,14,15,13
1537,u30,2013-04-01,15,18,18,15
1538,u30,2013-04-02,18,18,18,18
1539,u30,2013-04-03,18,18,19,18
1540,u30,2013-04-04,17,18,18,16
1541,u30,2013-04-05,18,18,18,18
1542,u30,2013-04-06,18,18,18,18
1543,u30,2013-04-07,3,3,3,3
1544,u30,2013-04-08,3,7,10,3
1545,u30,2013-04-09,9,12,13,16
1546,u30,2013-04-10,16,22,10,17
1547,u30,2013-04-11,9,9,9,8
1548,u30,2013-04-12,10,10,12,10
1549,u30,2013-04-13,12,12,13,12
1550,u30,2013-04-14,13,19,18,13
1551,u30,2013-04-15,19,20,22,19
1552,u30,2013-04-16,25,27,27,36
1553,u30,2013-04-17,27,28,29,27
1554,u30,2013-04-18,29,29,29,29
1555,u30,2013-04-19,29,30,30,29
1556,u30,2013-04-20,29,30,31,30
1557,u30,2013-04-21,30,30,30,30
1558,u30,2013-04-22,30,31,32,30
1559,u30,2013-04-23,32,32,32,41
1560,u30,2013-04-24,32,32,32,32
1561,u30,2013-04-25,32,32,7,32
1562,u30,2013-04-26,0,8,8,7
1563,u30,2013-04-27,6,6,12,6
1564,u30,2013-04-28,11,12,12,11
1565,u30,2013-04-29,14,17,14,15
1566,u30,2013-04-30,4,5,5,17
1567,u30,2013-05-01,5,5,5,5
1568,u30,2013-05-02,5,5,5,5
1569,u30,2013-05-03,5,6,5,5
1570,u30,2013-05-04,6,1,4,6
1571,u30,2013-05-05,4,4,4,4
1572,u30,2013-05-06,4,4,11,4
1573,u30,2013-05-07,7,7,7,8
1574,u30,2013-05-08,7,9,7,7
1575,u30,2013-05-09,7,7,7,7
1576,u30,2013-05-10,7,7,7,7
1577,u30,2013-05-11,7,7,7,7
1578,u30,2013-05-12,7,10,8,7
1579,u30,2013-05-13,9,15,14,10
1580,u30,2013-05-14,10,10,10,10
1581,u30,2013-05-15,13,18,12,14
1582,u30,2013-05-16,12,12,12,12
1583,u30,2013-05-19,0,0,1,0
1584,u30,2013-05-20,3,3,6,3
1585,u30,2013-05-21,9,16,12,13
1586,u30,2013-05-22,13,3,5,13
1587,u30,2013-05-23,3,4,4,5
1588,u30,2013-05-24,4,4,4,4
1589,u30,2013-05-25,4,4,4,4
1590,u30,2013-05-26,4,7,6,5
1591,u30,2013-05-27,7,7,7,10
1592,u30,2013-05-28,4,6,8,4
1593,u30,2013-05-29,20,15,13,14
1594,u30,2013-05-30,13,14,14,13
1595,u30,2013-05-31,13,15,14,15
1596,u30,2013-06-01,14,14,0,14
1597,u31,2013-03-24,5,5,5,3
1598,u31,2013-03-25,5,5,5,5
1599,u31,2013-03-26,5,5,0,5
1600,u31,2013-03-27,0,1,17,0
1601,u31,2013-03-28,29,20,24,11
1602,u31,2013-03-29,16,20,21,16
1603,u31,2013-03-30,21,21,25,21
1604,u31,2013-03-31,22,26,26,21
1605,u31,2013-04-01,25,27,46,25
1606,u31,2013-04-02,16,21,27,20
1607,u31,2013-04-03,25,24,16,22
1608,u31,2013-04-04,15,20,28,19
1609,u31,2013-04-05,22,34,23,23
1610,u31,2013-04-06,9,12,29,7
1611,u31,2013-04-07,15,18,16,14
1612,u31,2013-04-08,19,23,29,19
1613,u31,2013-04-09,21,23,28,22
1614,u31,2013-04-10,28,31,32,26
1615,u31,2013-04-11,28,32,37,30
1616,u31,2013-04-12,23,26,18,14
1617,u31,2013-04-13,18,19,10,17
1618,u31,2013-04-14,15,16,32,22
1619,u31,2013-04-15,24,24,36,30
1620,u31,2013-04-16,23,23,23,29
1621,u31,2013-04-17,23,23,26,25
1622,u31,2013-04-18,26,37,21,26
1623,u31,2013-04-19,20,18,19,14
1624,u31,2013-04-20,18,19,23,22
1625,u31,2013-04-21,4,7,22,15
1626,u31,2013-04-22,33,29,32,24
1627,u31,2013-04-23,25,12,12,40
1628,u31,2013-04-24,15,15,15,15
1629,u31,2013-04-25,16,23,20,18
1630,u31,2013-04-26,13,18,16,14
1631,u31,2013-04-27,17,18,19,17
1632,u31,2013-04-28,20,23,17,19
1633,u31,2013-04-29,23,11,30,15
1634,u31,2013-04-30,17,17,18,27
1635,u31,2013-05-01,24,25,25,27
1636,u31,2013-05-02,26,27,27,26
1637,u31,2013-05-03,10,15,13,31
1638,u31,2013-05-04,15,20,9,15
1639,u31,2013-05-05,10,12,10,10
1640,u31,2013-05-06,15,20,13,10
1641,u31,2013-05-07,14,15,18,18
1642,u31,2013-05-08,11,15,14,30
1643,u31,2013-05-09,4,6,13,14
1644,u31,2013-05-10,13,13,16,12
1645,u31,2013-05-11,8,12,6,6
1646,u31,2013-05-12,9,13,27,9
1647,u31,2013-05-13,17,27,12,14
1648,u31,2013-05-14,11,15,21,7
1649,u31,2013-05-15,14,22,13,15
1650,u31,2013-05-16,13,19,8,13
1651,u31,2013-05-17,5,6,7,5
1652,u31,2013-05-18,7,9,18,7
1653,u31,2013-05-19,8,9,13,16
1654,u31,2013-05-20,16,17,25,14
1655,u31,2013-05-21,13,18,18,13
1656,u31,2013-05-22,10,15,11,25
1657,u31,2013-05-23,11,12,21,11
1658,u31,2013-05-24,0,0,17,0
1659,u31,2013-05-25,19,22,25,18
1660,u31,2013-05-26,8,8,0,9
1661,u31,2013-05-29,0,23,0,0
1662,u31,2013-05-30,24,0,0,0
1663,u32,2013-03-24,3,3,3,3
1664,u32,2013-03-25,3,3,3,3
1665,u32,2013-03-26,3,3,3,3
1666,u32,2013-03-27,3,3,7,3
1667,u32,2013-03-28,3,5,8,7
1668,u32,2013-03-29,4,4,8,4
1669,u32,2013-03-30,4,4,5,3
1670,u32,2013-03-31,5,8,8,5
1671,u32,2013-04-01,5,13,15,13
1672,u32,2013-04-02,5,6,7,14
1673,u32,2013-04-03,3,9,10,8
1674,u32,2013-04-04,8,12,14,8
1675,u32,2013-04-05,5,7,8,16
1676,u32,2013-04-06,8,8,9,8
1677,u32,2013-04-07,7,7,12,7
1678,u32,2013-04-08,3,5,16,9
1679,u32,2013-04-09,9,11,12,8
1680,u32,2013-04-10,15,18,18,15
1681,u32,2013-04-11,17,19,19,17
1682,u32,2013-04-12,20,22,11,20
1683,u32,2013-04-13,10,10,11,12
1684,u32,2013-04-14,11,17,29,11
1685,u32,2013-04-15,8,15,9,17
1686,u32,2013-04-16,6,7,8,11
1687,u32,2013-04-17,8,13,19,8
1688,u32,2013-04-18,10,12,4,11
1689,u32,2013-04-19,6,9,12,6
1690,u32,2013-04-20,5,5,9,5
1691,u32,2013-04-21,8,16,21,8
1692,u32,2013-04-22,5,12,22,16
1693,u32,2013-04-23,10,16,5,10
1694,u32,2013-04-24,0,6,8,5
1695,u32,2013-04-25,9,13,12,9
1696,u32,2013-04-26,5,7,9,17
1697,u32,2013-04-27,4,5,11,4
1698,u32,2013-04-28,9,15,27,9
1699,u32,2013-04-29,16,18,21,18
1700,u32,2013-04-30,4,8,11,29
1701,u32,2013-05-01,6,6,6,6
1702,u32,2013-05-02,6,6,7,6
1703,u32,2013-05-03,7,7,7,7
1704,u32,2013-05-04,7,7,0,7
1705,u32,2013-05-06,8,13,6,10
1706,u32,2013-05-07,4,8,11,10
1707,u32,2013-05-08,9,9,9,9
1708,u32,2013-05-09,2,3,6,10
1709,u32,2013-05-10,5,5,6,5
1710,u32,2013-05-11,2,2,2,2
1711,u32,2013-05-12,2,2,5,2
1712,u32,2013-05-13,2,12,11,2
1713,u32,2013-05-14,8,16,9,8
1714,u32,2013-05-15,7,7,7,7
1715,u32,2013-05-16,10,10,10,10
1716,u32,2014-01-17,0,0,0,13
1717,u33,2013-03-24,4,4,4,4
1718,u33,2013-03-25,4,4,4,4
1719,u33,2013-03-26,4,4,0,4
1720,u33,2013-03-27,0,0,20,0
1721,u33,2013-03-28,29,30,36,25
1722,u33,2013-03-29,36,38,40,37
1723,u33,2013-03-30,40,41,38,37
1724,u33,2013-03-31,40,40,41,41
1725,u33,2013-04-01,43,51,46,42
1726,u33,2013-04-02,45,45,44,49
1727,u33,2013-04-03,45,46,44,51
1728,u33,2013-04-04,45,46,45,47
1729,u33,2013-04-05,46,51,50,46
1730,u33,2013-04-06,51,51,58,51
1731,u33,2013-04-07,52,54,56,64
1732,u33,2013-04-08,54,56,60,59
1733,u33,2013-04-09,52,53,56,64
1734,u33,2013-04-10,57,59,58,57
1735,u33,2013-04-11,54,54,57,59
1736,u33,2013-04-12,57,59,61,58
1737,u33,2013-04-13,59,58,62,58
1738,u33,2013-04-14,60,61,71,64
1739,u33,2013-04-15,37,30,31,38
1740,u33,2013-04-16,34,34,37,33
1741,u33,2013-04-17,35,39,49,34
1742,u33,2013-04-18,44,44,43,46
1743,u33,2013-04-19,44,44,45,44
1744,u33,2013-04-20,45,45,46,46
1745,u33,2013-04-21,47,45,48,45
1746,u33,2013-04-22,46,49,48,47
1747,u33,2013-04-23,57,50,51,47
1748,u33,2013-04-24,46,46,50,48
1749,u33,2013-04-25,48,47,47,48
1750,u33,2013-04-26,48,51,51,48
1751,u33,2013-04-27,51,53,53,51
1752,u33,2013-04-28,54,55,55,56
1753,u33,2013-04-29,52,57,55,52
1754,u33,2013-04-30,57,54,57,54
1755,u33,2013-05-01,58,56,74,56
1756,u33,2013-05-02,19,20,21,18
1757,u33,2013-05-03,28,29,28,23
1758,u33,2013-05-04,26,27,28,26
1759,u33,2013-05-05,26,27,31,28
1760,u33,2013-05-06,34,34,34,34
1761,u33,2013-05-07,35,35,41,34
1762,u33,2013-05-08,38,15,18,36
1763,u33,2013-05-09,21,21,22,21
1764,u33,2013-05-10,25,24,27,22
1765,u33,2013-05-11,28,26,27,28
1766,u33,2013-05-12,26,26,26,26
1767,u33,2013-05-13,27,32,31,26
1768,u33,2013-05-14,31,33,35,32
1769,u33,2013-05-15,37,40,38,37
1770,u33,2013-05-16,38,40,38,37
1771,u33,2013-05-17,39,39,37,42
1772,u33,2013-05-18,37,0,0,37
1773,u33,2013-05-22,0,0,8,0
1774,u33,2013-05-23,0,0,0,12
1775,u34,2013-03-24,7,6,6,5
1776,u34,2013-03-25,6,6,6,6
1777,u34,2013-03-26,6,7,5,6
1778,u34,2013-03-27,5,5,14,5
1779,u34,2013-03-28,10,13,8,10
1780,u34,2013-03-29,2,4,0,4
1781,u34,2013-03-31,0,5,6,0
1782,u34,2013-04-01,5,10,12,5
1783,u34,2013-04-02,9,10,13,10
1784,u34,2013-04-03,10,11,13,12
1785,u34,2013-04-04,13,1,8,17
1786,u34,2013-04-05,2,3,7,6
1787,u34,2013-04-06,3,3,3,4
1788,u34,2013-04-07,3,3,3,3
1789,u34,2013-04-08,0,6,8,0
1790,u34,2013-04-09,4,4,4,4
1791,u34,2013-04-10,3,0,0,4
1792,u34,2013-04-11,2,3,3,2
1793,u34,2013-04-12,3,3,4,3
1794,u34,2013-04-13,4,4,4,4
1795,u34,2013-04-14,0,0,0,4
1796,u34,2013-04-15,13,6,14,5
1797,u34,2013-04-16,6,6,0,6
1798,u34,2013-04-17,0,0,1,0
1799,u34,2013-04-18,2,2,2,2
1800,u34,2013-04-19,0,2,3,2
1801,u34,2013-04-20,2,2,2,2
1802,u34,2013-04-21,2,2,0,2
1803,u34,2013-04-22,3,6,15,7
1804,u34,2013-04-23,5,5,5,9
1805,u34,2013-04-24,5,5,5,5
1806,u34,2013-04-25,0,0,0,5
1807,u34,2013-04-27,0,0,4,0
1808,u34,2013-04-28,4,4,11,4
1809,u34,2013-04-29,5,14,5,9
1810,u34,2013-04-30,4,4,0,4
1811,u34,2013-05-06,0,1,4,0
1812,u34,2013-05-07,0,0,6,0
1813,u34,2013-05-08,2,2,2,2
1814,u34,2013-05-09,2,2,0,2
1815,u34,2013-05-10,0,3,3,0
1816,u34,2013-05-11,3,3,3,3
1817,u34,2013-05-12,3,3,5,3
1818,u34,2013-05-13,1,5,6,3
1819,u34,2013-05-14,4,5,8,6
1820,u34,2013-05-15,8,16,9,8
1821,u34,2013-05-19,0,2,8,0
1822,u34,2013-05-20,0,0,6,6
1823,u35,2013-03-24,5,5,5,4
1824,u35,2013-03-25,5,5,5,5
1825,u35,2013-03-26,5,5,5,5
1826,u35,2013-03-27,5,5,5,5
1827,u35,2013-03-28,0,5,5,0
1828,u35,2013-03-29,4,6,5,5
1829,u35,2013-03-30,4,5,6,5
1830,u35,2013-03-31,4,5,6,5
1831,u35,2013-04-01,1,6,7,5
1832,u35,2013-04-02,1,2,3,2
1833,u35,2013-04-03,1,2,6,3
1834,u35,2013-04-04,4,7,7,6
1835,u35,2013-04-05,2,3,8,3
1836,u35,2013-04-06,3,4,13,6
1837,u35,2013-04-07,1,3,1,7
1838,u35,2013-04-08,2,6,5,6
1839,u35,2013-04-09,3,6,2,4
1840,u35,2013-04-10,2,5,5,3
1841,u35,2013-04-11,3,4,5,4
1842,u35,2013-04-12,3,5,8,7
1843,u35,2013-04-13,3,4,4,4
1844,u35,2013-04-14,4,4,7,4
1845,u35,2013-04-15,2,6,5,10
1846,u35,2013-04-16,5,6,4,5
1847,u35,2013-04-17,4,5,6,4
1848,u35,2013-04-18,3,7,7,5
1849,u35,2013-04-19,6,7,5,6
1850,u35,2013-04-20,4,4,4,4
1851,u35,2013-04-21,4,7,8,4
1852,u35,2013-04-22,4,6,16,3
1853,u35,2013-04-23,4,4,4,5
1854,u35,2013-04-24,4,4,4,4
1855,u35,2013-04-25,4,5,4,3
1856,u35,2013-04-26,4,4,4,3
1857,u35,2013-04-27,5,4,10,4
1858,u35,2013-04-28,3,6,12,3
1859,u35,2013-04-29,3,13,9,7
1860,u35,2013-04-30,5,5,6,5
1861,u35,2013-05-01,5,5,5,5
1862,u35,2013-05-02,5,6,7,6
1863,u35,2013-05-03,3,4,4,4
1864,u35,2013-05-04,3,4,7,4
1865,u35,2013-05-05,6,5,5,12
1866,u35,2013-05-06,5,5,9,5
1867,u35,2013-05-07,4,4,6,4
1868,u35,2013-05-08,2,3,3,2
1869,u35,2013-05-09,2,2,2,2
1870,u35,2013-05-10,2,2,3,2
1871,u35,2013-05-11,1,2,6,5
1872,u35,2013-05-12,3,4,7,3
1873,u35,2013-05-13,3,3,3,3
1874,u35,2013-05-14,3,5,7,4
1875,u35,2013-05-15,3,9,6,6
1876,u35,2013-05-16,1,2,2,6
1877,u35,2013-05-17,1,3,2,2
1878,u35,2013-05-18,2,2,2,2
1879,u35,2013-05-19,1,4,4,2
1880,u35,2013-05-20,2,2,2,2
1881,u35,2013-05-21,2,2,2,2
1882,u35,2013-05-22,2,2,2,2
1883,u35,2013-05-23,2,2,2,2
1884,u35,2013-05-24,2,4,8,2
1885,u35,2013-05-25,5,5,8,5
1886,u35,2013-05-26,2,8,4,2
1887,u35,2013-05-27,5,9,7,7
1888,u35,2013-05-28,2,3,3,5
1889,u35,2013-05-29,3,4,4,8
1890,u35,2013-05-30,4,4,4,4
1891,u35,2013-05-31,4,0,4,4
1892,u36,2013-03-24,5,5,5,5
1893,u36,2013-03-25,5,5,5,5
1894,u36,2013-03-26,5,5,5,5
1895,u36,2013-03-27,5,5,5,5
1896,u36,2013-03-28,0,1,6,0
1897,u36,2013-03-29,6,7,10,8
1898,u36,2013-03-30,10,12,14,13
1899,u36,2013-03-31,6,11,16,8
1900,u36,2013-04-01,5,9,13,4
1901,u36,2013-04-02,10,17,16,13
1902,u36,2013-04-03,15,16,14,16
1903,u36,2013-04-04,14,15,8,16
1904,u36,2013-04-05,12,12,12,12
1905,u36,2013-04-06,10,13,13,12
1906,u36,2013-04-07,13,15,17,16
1907,u36,2013-04-08,18,19,19,18
1908,u36,2013-04-09,17,17,17,18
1909,u36,2013-04-10,18,19,21,20
1910,u36,2013-04-11,21,23,21,21
1911,u36,2013-04-12,21,21,24,22
1912,u36,2013-04-13,22,23,22,22
1913,u36,2013-04-14,22,23,27,23
1914,u36,2013-04-15,19,19,22,22
1915,u36,2013-04-16,6,10,13,7
1916,u36,2013-04-17,13,15,18,13
1917,u36,2013-04-18,16,16,20,16
1918,u36,2013-04-19,19,4,5,20
1919,u36,2013-04-20,6,6,6,6
1920,u36,2013-04-21,6,13,7,6
1921,u36,2013-04-22,9,10,12,12
1922,u36,2013-04-23,11,13,11,11
1923,u36,2013-04-24,12,12,13,12
1924,u36,2013-04-25,11,11,12,11
1925,u36,2013-04-26,11,15,7,11
1926,u36,2013-04-27,10,10,13,10
1927,u36,2013-04-28,14,14,15,16
1928,u36,2013-04-29,15,15,7,16
1929,u36,2013-04-30,10,14,14,10
1930,u36,2013-05-01,14,17,15,17
1931,u36,2013-05-02,20,21,21,22
1932,u36,2013-05-03,18,19,26,18
1933,u36,2013-05-04,0,10,10,19
1934,u36,2013-05-05,4,8,10,9
1935,u36,2013-05-06,11,14,15,11
1936,u36,2013-05-07,15,16,17,15
1937,u36,2013-05-08,17,20,22,17
1938,u36,2013-05-09,5,8,8,5
1939,u36,2013-05-10,8,8,9,8
1940,u36,2013-05-11,9,11,10,9
1941,u36,2013-05-12,10,13,5,12
1942,u36,2013-05-13,5,9,10,6
1943,u36,2013-05-14,6,12,22,6
1944,u36,2013-05-15,11,13,17,18
1945,u36,2013-05-16,16,17,19,18
1946,u36,2013-05-17,17,18,18,19
1947,u36,2013-05-18,14,2,2,15
1948,u36,2013-05-19,3,4,5,2
1949,u36,2013-05-20,2,6,7,2
1950,u36,2013-05-21,3,9,6,9
1951,u36,2013-05-22,7,10,13,7
1952,u36,2013-05-23,10,10,10,10
1953,u36,2013-05-24,10,11,10,10
1954,u36,2013-05-25,11,13,12,10
1955,u36,2013-05-26,12,13,17,12
1956,u36,2013-05-27,4,8,9,15
1957,u36,2013-05-28,9,5,6,9
1958,u36,2013-05-29,7,9,8,7
1959,u36,2013-05-30,8,8,8,9
1960,u36,2013-05-31,1,3,2,8
1961,u36,2013-06-01,3,6,8,3
1962,u36,2013-06-02,7,8,8,7
1963,u36,2013-06-03,8,9,8,8
1964,u36,2013-06-04,8,12,12,8
1965,u36,2013-06-05,12,14,13,12
1966,u36,2013-06-06,13,3,6,13
1967,u36,2013-06-07,4,4,7,6
1968,u36,2013-06-08,8,1,2,8
1969,u36,2013-06-09,0,8,9,2
1970,u36,2013-06-10,10,10,0,10
1971,u39,2013-03-24,5,3,2,7
1972,u39,2013-03-25,2,2,2,2
1973,u39,2013-03-26,2,2,0,2
1974,u39,2013-03-27,0,0,1,0
1975,u39,2013-03-28,0,0,7,0
1976,u39,2013-03-29,8,8,8,11
1977,u39,2013-04-02,0,6,10,0
1978,u39,2013-04-03,5,6,8,6
1979,u39,2013-04-04,6,6,6,6
1980,u39,2013-04-05,6,7,7,6
1981,u39,2013-04-06,7,7,7,7
1982,u39,2013-04-09,0,0,3,0
1983,u39,2013-04-10,4,7,5,6
1984,u39,2013-04-11,5,5,0,6
1985,u39,2013-04-13,2,3,3,3
1986,u39,2013-04-14,3,4,4,5
1987,u39,2013-04-15,4,4,4,5
1988,u39,2013-04-16,4,4,4,4
1989,u39,2013-04-17,6,6,6,9
1990,u39,2013-04-18,6,6,6,6
1991,u39,2013-04-19,6,6,6,6
1992,u39,2013-04-20,6,6,6,6
1993,u39,2013-04-21,6,6,6,6
1994,u39,2013-04-22,6,6,6,6
1995,u39,2013-04-23,6,6,6,6
1996,u39,2013-04-24,6,8,6,6
1997,u39,2013-04-25,6,7,7,9
1998,u41,2013-03-24,7,7,6,5
1999,u41,2013-03-25,6,6,6,6
2000,u41,2013-03-26,6,7,6,6
2001,u41,2013-03-27,6,6,6,6
2002,u41,2013-03-28,0,0,18,0
2003,u41,2013-03-29,10,12,18,22
2004,u41,2013-03-30,13,13,13,13
2005,u41,2013-03-31,12,13,18,12
2006,u41,2013-04-01,16,17,17,16
2007,u41,2013-04-02,17,18,18,17
2008,u41,2013-04-03,0,2,8,0
2009,u41,2013-04-04,9,11,8,13
2010,u41,2013-04-05,7,8,7,17
2011,u41,2013-04-06,7,7,11,7
2012,u41,2013-04-07,7,0,0,7
2013,u41,2013-04-09,3,5,5,3
2014,u41,2013-04-10,5,5,9,5
2015,u41,2013-04-11,14,15,15,11
2016,u41,2013-04-12,13,13,15,13
2017,u41,2013-04-13,13,17,32,13
2018,u41,2013-04-14,14,15,28,17
2019,u41,2013-04-15,16,16,16,16
2020,u41,2013-04-16,16,16,16,17
2021,u41,2013-04-17,0,0,0,16
2022,u41,2013-04-19,0,6,6,0
2023,u41,2013-04-20,6,6,8,6
2024,u41,2013-04-21,8,8,19,8
2025,u41,2013-04-22,6,8,11,11
2026,u41,2013-04-23,5,5,5,18
2027,u41,2013-04-24,5,5,8,5
2028,u41,2013-04-25,4,5,10,11
2029,u41,2013-04-26,9,12,9,28
2030,u41,2013-04-27,9,9,14,9
2031,u41,2013-04-28,14,10,29,28
2032,u41,2013-04-29,5,11,22,21
2033,u41,2013-04-30,10,11,11,10
2034,u41,2013-05-01,11,11,11,11
2035,u41,2013-05-08,19,14,13,12
2036,u41,2013-05-09,13,13,0,13
2037,u41,2013-05-10,0,3,5,0
2038,u41,2013-05-11,0,0,7,0
2039,u41,2013-05-12,6,7,15,8
2040,u41,2013-05-13,7,12,20,8
2041,u41,2013-05-14,5,5,8,7
2042,u41,2013-05-15,4,4,4,4
2043,u41,2013-05-16,4,4,4,4
2044,u41,2013-05-20,0,0,2,0
2045,u41,2013-05-21,4,12,15,5
2046,u41,2013-05-22,7,9,7,15
2047,u41,2013-05-24,0,0,8,0
2048,u41,2013-05-25,0,0,0,5
2049,u41,2013-05-26,4,5,0,6
2050,u41,2013-05-27,1,8,12,0
2051,u41,2013-05-28,10,10,19,11
2052,u41,2013-05-29,16,10,11,8
2053,u41,2013-05-30,3,4,0,4
2054,u42,2013-03-24,0,0,11,0
2055,u42,2013-03-25,10,10,10,10
2056,u42,2013-03-26,10,10,0,10
2057,u42,2013-03-27,0,0,1,0
2058,u42,2013-03-31,0,0,3,0
2059,u42,2013-04-01,3,3,4,3
2060,u42,2013-04-02,3,4,7,4
2061,u42,2013-04-03,1,2,4,3
2062,u42,2013-04-04,2,5,7,3
2063,u42,2013-04-05,1,2,9,2
2064,u42,2013-04-06,7,7,7,9
2065,u42,2013-04-07,1,2,7,2
2066,u42,2013-04-08,2,5,7,4
2067,u42,2013-04-09,3,3,4,4
2068,u42,2013-04-10,3,4,3,3
2069,u42,2013-04-11,3,3,3,4
2070,u42,2013-04-12,3,3,3,3
2071,u42,2013-04-13,3,3,7,3
2072,u42,2013-04-14,6,6,12,6
2073,u42,2013-04-15,5,6,7,11
2074,u42,2013-04-16,5,5,5,5
2075,u42,2013-04-17,5,6,5,5
2076,u42,2013-04-18,3,5,8,0
2077,u42,2013-04-19,6,7,3,6
2078,u42,2013-04-20,0,0,0,3
2079,u42,2013-04-21,2,3,4,2
2080,u42,2013-04-22,8,4,10,14
2081,u42,2013-04-23,3,4,4,7
2082,u42,2013-04-24,4,4,4,4
2083,u42,2013-04-25,1,0,0,4
2084,u42,2013-04-26,1,4,2,0
2085,u42,2013-04-27,1,1,8,3
2086,u42,2013-04-28,3,6,8,3
2087,u42,2013-04-29,1,2,6,7
2088,u42,2013-04-30,2,2,4,2
2089,u42,2013-05-01,3,3,5,3
2090,u42,2013-05-02,3,3,6,3
2091,u42,2013-05-03,4,4,1,4
2092,u42,2013-05-04,0,0,2,0
2093,u42,2013-05-05,1,2,2,2
2094,u42,2013-05-06,1,2,6,2
2095,u42,2013-05-07,3,3,3,3
2096,u42,2013-05-08,2,6,5,5
2097,u42,2013-05-09,2,3,4,3
2098,u42,2013-05-10,3,3,3,3
2099,u42,2013-05-11,0,0,6,0
2100,u42,2013-05-12,3,3,4,3
2101,u42,2013-05-13,3,4,4,3
2102,u42,2013-05-14,4,4,5,9
2103,u42,2013-05-15,3,12,10,3
2104,u42,2013-05-18,1,2,3,0
2105,u42,2013-05-19,2,5,5,2
2106,u42,2013-05-20,3,3,5,3
2107,u42,2013-05-21,2,3,3,4
2108,u42,2013-05-22,3,0,0,3
2109,u43,2013-03-24,6,7,6,6
2110,u43,2013-03-25,6,6,6,6
2111,u43,2013-03-26,6,6,0,6
2112,u43,2013-03-27,0,0,1,0
2113,u43,2013-04-01,0,2,28,0
2114,u43,2013-04-02,7,8,9,12
2115,u43,2013-04-03,11,17,24,12
2116,u43,2013-04-04,12,14,27,17
2117,u43,2013-04-05,16,16,17,16
2118,u43,2013-04-06,17,17,20,17
2119,u43,2013-04-07,17,17,17,17
2120,u43,2013-04-08,19,19,19,20
2121,u43,2013-04-09,17,18,18,17
2122,u43,2013-04-10,18,20,21,18
2123,u43,2013-04-11,13,13,13,13
2124,u43,2013-04-12,18,23,24,19
2125,u43,2013-04-13,25,25,25,0
2126,u43,2013-04-14,25,30,26,25
2127,u43,2013-04-15,25,31,10,32
2128,u43,2013-04-16,7,7,8,14
2129,u43,2013-04-17,9,15,21,10
2130,u43,2013-04-18,15,18,20,15
2131,u43,2013-04-19,19,22,11,20
2132,u43,2013-04-20,0,12,10,12
2133,u43,2013-04-21,15,15,17,15
2134,u43,2013-04-22,18,7,11,20
2135,u43,2013-04-23,10,15,8,20
2136,u43,2013-04-24,9,11,9,9
2137,u43,2013-04-25,8,11,8,11
2138,u43,2013-04-26,9,16,12,9
2139,u43,2013-04-27,12,12,14,18
2140,u43,2013-04-28,14,4,10,14
2141,u43,2013-04-29,11,15,20,11
2142,u43,2013-04-30,12,13,23,18
2143,u43,2013-05-01,10,10,10,19
2144,u43,2013-05-02,2,4,4,14
2145,u43,2013-05-03,7,8,8,7
2146,u43,2013-05-04,6,8,7,7
2147,u43,2013-05-05,7,7,5,7
2148,u43,2013-05-06,9,0,6,10
2149,u43,2013-05-07,7,7,10,7
2150,u43,2013-05-08,11,11,11,11
2151,u43,2013-05-09,11,0,0,14
2152,u43,2013-05-10,6,7,8,6
2153,u43,2013-05-11,8,8,8,8
2154,u43,2013-05-12,8,0,3,8
2155,u43,2013-05-13,7,8,7,12
2156,u43,2013-05-14,9,9,9,10
2157,u43,2013-05-15,0,4,4,9
2158,u43,2013-05-16,5,5,5,6
2159,u43,2013-05-18,0,1,4,0
2160,u43,2013-05-19,0,5,9,4
2161,u43,2013-05-20,11,11,11,15
2162,u43,2013-05-21,11,12,11,15
2163,u43,2013-05-23,0,0,5,5
2164,u43,2013-05-24,7,7,17,9
2165,u43,2013-05-25,6,17,8,13
2166,u43,2013-05-26,8,12,12,8
2167,u43,2013-05-27,8,13,11,17
2168,u43,2013-05-28,9,9,16,11
2169,u43,2013-05-29,20,21,12,18
2170,u44,2013-03-24,7,7,7,7
2171,u44,2013-03-25,7,7,7,7
2172,u44,2013-03-26,7,7,0,7
2173,u44,2013-03-27,0,0,1,0
2174,u44,2013-04-01,0,0,3,0
2175,u44,2013-04-02,3,3,15,3
2176,u44,2013-04-03,7,11,9,7
2177,u44,2013-04-04,9,10,10,10
2178,u44,2013-04-05,11,15,11,12
2179,u44,2013-04-06,10,11,13,11
2180,u44,2013-04-07,12,12,12,24
2181,u44,2013-04-08,12,16,16,12
2182,u44,2013-04-09,13,13,15,13
2183,u44,2013-04-10,11,13,11,13
2184,u44,2013-04-11,12,12,12,12
2185,u44,2013-04-12,12,13,12,12
2186,u44,2013-04-13,12,12,12,12
2187,u44,2013-04-14,12,12,12,12
2188,u44,2013-04-15,12,17,31,12
2189,u44,2013-04-16,18,19,19,19
2190,u44,2013-04-17,18,22,22,18
2191,u44,2013-04-18,22,22,22,22
2192,u44,2013-04-19,22,22,21,22
2193,u44,2013-04-20,21,22,21,21
2194,u44,2013-04-21,21,22,22,21
2195,u44,2013-04-22,12,16,24,26
2196,u44,2013-04-23,15,15,15,21
2197,u44,2013-04-24,15,15,15,15
2198,u44,2013-04-25,15,16,17,15
2199,u44,2013-04-26,17,17,17,17
2200,u44,2013-04-27,17,20,3,17
2201,u44,2013-04-28,3,3,3,3
2202,u44,2013-04-29,3,9,6,3
2203,u44,2013-04-30,7,6,6,12
2204,u44,2013-05-01,7,6,6,6
2205,u44,2013-05-02,7,7,7,7
2206,u44,2013-05-03,7,8,8,7
2207,u44,2013-05-04,8,8,8,8
2208,u44,2013-05-05,8,8,9,8
2209,u44,2013-05-06,7,11,6,7
2210,u44,2013-05-07,6,9,8,6
2211,u44,2013-05-08,8,8,8,8
2212,u44,2013-05-09,9,9,9,9
2213,u44,2013-05-10,9,9,9,9
2214,u44,2013-05-11,9,9,0,9
2215,u44,2013-05-12,3,3,3,3
2216,u44,2013-05-13,3,3,3,3
2217,u44,2013-05-14,3,3,5,3
2218,u44,2013-05-15,4,13,10,9
2219,u44,2013-05-16,10,11,11,11
2220,u44,2013-05-17,11,11,11,12
2221,u44,2013-05-18,11,11,11,11
2222,u44,2013-05-19,11,11,11,11
2223,u44,2013-05-20,11,11,11,11
2224,u44,2013-05-21,12,12,12,12
2225,u44,2013-05-22,12,12,12,12
2226,u44,2013-05-23,12,12,13,12
2227,u44,2013-05-24,13,13,13,13
2228,u44,2013-05-25,13,13,17,13
2229,u44,2013-05-26,13,13,13,13
2230,u44,2013-05-27,13,13,16,14
2231,u44,2013-05-28,13,13,13,13
2232,u44,2013-05-30,1,3,3,1
2233,u44,2013-05-31,4,4,4,4
2234,u45,2013-03-24,6,6,6,6
2235,u45,2013-03-25,6,6,6,6
2236,u45,2013-03-26,6,6,0,6
2237,u45,2013-03-27,0,0,1,0
2238,u45,2013-04-01,0,0,4,0
2239,u45,2013-04-02,5,5,8,4
2240,u45,2013-04-03,6,7,17,8
2241,u45,2013-04-04,8,13,7,14
2242,u45,2013-04-05,4,6,21,4
2243,u45,2013-04-06,7,7,7,7
2244,u45,2013-04-08,2,4,4,4
2245,u45,2013-04-09,4,4,4,7
2246,u45,2013-04-10,0,3,8,0
2247,u45,2013-04-11,7,7,12,7
2248,u45,2013-04-12,8,9,7,9
2249,u45,2013-04-13,7,7,9,7
2250,u45,2013-04-14,7,6,10,17
2251,u45,2013-04-15,8,8,5,14
2252,u45,2013-04-16,2,0,0,5
2253,u45,2013-04-17,0,0,2,0
2254,u45,2013-04-18,6,6,6,6
2255,u45,2013-04-19,0,3,1,0
2256,u45,2013-04-21,2,4,6,2
2257,u45,2013-04-22,14,13,15,14
2258,u45,2013-04-23,13,13,13,19
2259,u45,2013-04-24,0,0,0,13
2260,u45,2013-04-27,0,0,8,0
2261,u45,2013-04-28,8,10,9,10
2262,u45,2013-04-29,19,7,14,12
2263,u45,2013-04-30,6,6,6,8
2264,u45,2013-05-01,6,6,0,6
2265,u45,2013-05-04,0,0,2,0
2266,u45,2013-05-05,1,2,2,2
2267,u45,2013-05-06,2,6,10,4
2268,u45,2013-05-07,4,6,8,4
2269,u45,2013-05-08,7,11,9,10
2270,u45,2013-05-09,0,0,1,9
2271,u45,2013-05-10,2,0,2,2
2272,u45,2013-05-11,2,3,7,4
2273,u45,2013-05-12,5,5,5,5
2274,u45,2013-05-13,4,5,12,11
2275,u45,2013-05-14,4,7,0,4
2276,u45,2013-05-15,1,7,2,4
2277,u45,2013-05-17,0,0,7,0
2278,u45,2013-05-18,0,0,0,5
2279,u45,2013-05-19,0,0,7,0
2280,u45,2013-05-20,9,12,13,16
2281,u45,2013-05-21,4,8,5,9
2282,u45,2013-05-22,4,4,0,4
2283,u45,2013-05-24,0,0,5,0
2284,u45,2013-05-25,4,5,9,9
2285,u45,2013-05-26,5,2,4,5
2286,u45,2013-05-27,6,12,8,8
2287,u45,2013-05-28,8,11,9,11
2288,u45,2013-05-29,0,0,0,11
2289,u46,2013-03-24,8,2,2,7
2290,u46,2013-03-25,2,2,2,2
2291,u46,2013-03-26,2,2,0,2
2292,u46,2013-03-27,0,0,1,0
2293,u46,2013-03-31,0,0,25,0
2294,u46,2013-04-01,19,26,21,22
2295,u46,2013-04-02,21,24,29,19
2296,u46,2013-04-03,23,39,36,26
2297,u46,2013-04-04,35,26,25,35
2298,u46,2013-04-05,23,26,26,22
2299,u46,2013-04-06,25,25,29,26
2300,u46,2013-04-07,9,10,14,9
2301,u46,2013-04-08,8,17,18,16
2302,u46,2013-04-09,18,21,21,21
2303,u46,2013-04-10,18,19,20,18
2304,u46,2013-04-11,20,21,20,19
2305,u46,2013-04-12,19,24,27,22
2306,u46,2013-04-13,14,16,27,13
2307,u46,2013-04-14,16,21,24,20
2308,u46,2013-04-15,20,28,25,20
2309,u46,2013-04-16,23,28,28,25
2310,u46,2013-04-17,28,27,32,30
2311,u46,2013-04-18,20,27,36,34
2312,u46,2013-04-19,5,11,13,28
2313,u46,2013-04-20,11,17,20,16
2314,u46,2013-04-21,17,20,18,23
2315,u46,2013-04-22,21,27,27,21
2316,u46,2013-04-23,19,20,25,24
2317,u46,2013-04-24,14,7,13,14
2318,u46,2013-04-25,17,16,13,18
2319,u46,2013-04-26,4,25,21,16
2320,u46,2013-04-27,7,11,19,20
2321,u46,2013-04-28,2,5,14,19
2322,u46,2013-04-29,9,14,28,19
2323,u46,2013-04-30,19,6,9,19
2324,u46,2013-05-01,5,15,20,10
2325,u46,2013-05-02,3,16,23,15
2326,u46,2013-05-03,18,23,23,23
2327,u46,2013-05-04,21,22,17,23
2328,u46,2013-05-05,14,17,16,20
2329,u46,2013-05-06,16,20,20,17
2330,u46,2013-05-07,5,11,15,21
2331,u46,2013-05-08,17,20,21,15
2332,u46,2013-05-09,20,20,20,23
2333,u46,2013-05-10,24,23,28,21
2334,u46,2013-05-11,3,5,17,23
2335,u46,2013-05-12,25,25,31,26
2336,u46,2013-05-13,29,29,36,33
2337,u46,2013-05-14,33,31,35,37
2338,u46,2013-05-15,28,32,30,32
2339,u46,2013-05-16,26,31,32,29
2340,u46,2013-05-17,27,29,26,28
2341,u46,2013-05-18,29,10,19,27
2342,u46,2013-05-19,6,12,21,6
2343,u46,2013-05-20,25,28,27,28
2344,u46,2013-05-21,24,28,28,26
2345,u46,2013-05-22,10,5,11,35
2346,u46,2013-05-23,6,15,14,12
2347,u47,2013-03-24,7,7,7,7
2348,u47,2013-03-25,7,7,7,7
2349,u47,2013-03-28,0,0,5,0
2350,u47,2013-03-29,5,8,8,5
2351,u47,2013-03-30,8,8,8,8
2352,u47,2013-03-31,8,8,8,8
2353,u47,2013-04-01,8,13,12,8
2354,u47,2013-04-02,12,12,0,12
2355,u47,2013-04-03,0,0,5,0
2356,u47,2013-04-04,6,6,6,8
2357,u47,2013-04-05,5,5,5,6
2358,u47,2013-04-08,0,0,1,0
2359,u47,2013-04-11,3,3,3,3
2360,u47,2013-04-12,3,3,5,3
2361,u47,2013-04-13,10,11,17,8
2362,u47,2013-04-14,9,8,8,16
2363,u47,2013-04-15,8,9,11,8
2364,u47,2013-04-16,9,9,9,9
2365,u47,2013-04-17,2,2,2,2
2366,u47,2013-04-18,2,2,7,2
2367,u47,2013-04-19,5,5,5,5
2368,u47,2013-04-20,1,2,3,5
2369,u47,2013-04-21,3,3,4,4
2370,u47,2013-04-22,6,8,9,4
2371,u47,2013-04-23,5,5,5,5
2372,u47,2013-04-24,0,0,2,0
2373,u47,2013-04-25,0,0,0,2
2374,u47,2013-04-27,3,4,4,3
2375,u47,2013-04-28,3,3,3,6
2376,u47,2013-04-29,3,1,8,3
2377,u47,2013-04-30,3,3,3,7
2378,u47,2013-05-01,0,0,0,3
2379,u47,2013-05-02,0,0,3,0
2380,u47,2013-05-03,2,3,4,4
2381,u47,2013-05-04,0,0,0,5
2382,u47,2013-05-05,3,4,4,4
2383,u47,2013-05-06,4,0,0,4
2384,u47,2013-05-12,0,0,3,8
2385,u47,2013-05-13,0,0,0,3
2386,u47,2013-05-15,0,6,0,6
2387,u47,2013-05-17,0,0,2,0
2388,u47,2013-05-18,7,7,7,8
2389,u47,2013-05-19,7,10,10,7
2390,u47,2013-05-20,3,20,10,12
2391,u47,2013-05-21,5,10,9,12
2392,u47,2013-05-22,7,9,10,15
2393,u47,2013-05-23,6,16,13,12
2394,u47,2013-05-24,7,19,17,24
2395,u47,2013-05-25,11,10,12,18
2396,u47,2013-05-26,10,11,18,20
2397,u47,2013-05-27,10,20,13,15
2398,u47,2013-05-28,5,13,23,16
2399,u47,2013-05-29,15,17,11,23
2400,u47,2013-05-30,0,0,0,6
2401,u49,2013-03-24,9,9,2,8
2402,u49,2013-03-25,2,2,2,2
2403,u49,2013-03-26,2,2,0,2
2404,u49,2013-03-27,0,1,2,0
2405,u49,2013-03-28,0,0,29,0
2406,u49,2013-03-29,28,10,7,26
2407,u49,2013-03-30,7,6,10,8
2408,u49,2013-03-31,10,11,15,10
2409,u49,2013-04-01,20,20,25,20
2410,u49,2013-04-02,24,24,27,24
2411,u49,2013-04-03,4,7,15,5
2412,u49,2013-04-04,5,12,22,19
2413,u49,2013-04-05,8,13,17,9
2414,u49,2013-04-06,11,4,13,14
2415,u49,2013-04-07,13,13,17,13
2416,u49,2013-04-08,7,7,9,6
2417,u49,2013-04-09,12,14,19,15
2418,u49,2013-04-10,14,17,22,18
2419,u49,2013-04-11,17,21,26,18
2420,u49,2013-04-12,13,27,16,21
2421,u49,2013-04-13,14,20,27,19
2422,u49,2013-04-14,7,9,9,32
2423,u49,2013-04-15,4,8,11,16
2424,u49,2013-04-16,11,13,16,12
2425,u49,2013-04-17,4,9,11,18
2426,u49,2013-04-18,11,13,14,12
2427,u49,2013-04-19,13,8,5,13
2428,u49,2013-04-20,4,3,3,4
2429,u49,2013-04-21,11,13,22,11
2430,u49,2013-04-22,17,27,12,21
2431,u49,2013-04-23,0,9,12,15
2432,u49,2013-04-24,4,7,7,10
2433,u49,2013-04-25,9,18,19,7
2434,u49,2013-04-26,18,20,19,19
2435,u49,2013-04-27,21,0,5,21
2436,u49,2013-04-28,1,0,0,0
2437,u49,2013-04-30,0,0,0,5
2438,u49,2013-05-08,0,0,0,7
2439,u49,2013-05-11,0,8,0,0
2440,u49,2013-05-12,14,14,14,0
2441,u49,2013-05-13,18,13,15,15
2442,u49,2013-05-14,16,14,18,15
2443,u49,2013-05-15,14,16,19,15
2444,u49,2013-05-16,18,20,17,18
2445,u49,2013-05-17,25,21,21,17
2446,u49,2013-05-18,27,24,30,18
2447,u49,2013-05-19,20,29,19,22
2448,u49,2013-05-20,19,19,17,20
2449,u49,2013-05-21,18,25,23,16
2450,u49,2013-05-22,22,22,17,21
2451,u49,2013-05-23,19,19,19,23
2452,u49,2013-05-24,12,16,9,13
2453,u49,2013-05-25,13,19,17,23
2454,u49,2013-05-26,9,30,27,19
2455,u49,2013-05-27,12,33,29,15
2456,u49,2013-05-28,18,28,32,15
2457,u49,2013-05-29,37,22,31,37
2458,u49,2013-05-30,20,24,22,19
2459,u49,2013-05-31,16,19,25,33
2460,u49,2013-06-01,10,6,11,13
2461,u49,2013-06-02,6,6,14,8
2462,u49,2013-06-03,10,20,11,12
2463,u49,2013-06-04,12,4,0,11
2464,u49,2013-06-05,0,0,0,8
2465,u49,2013-06-11,0,13,16,0
2466,u49,2013-06-12,14,12,0,12
2467,u49,2013-06-16,3,8,10,0
2468,u49,2013-06-17,18,11,0,12
2469,u50,2013-03-24,8,8,8,8
2470,u50,2013-03-25,8,8,8,8
2471,u50,2013-03-28,0,8,10,0
2472,u50,2013-03-29,9,10,11,11
2473,u50,2013-03-30,10,10,2,10
2474,u50,2013-03-31,4,6,5,8
2475,u50,2013-04-01,7,8,6,5
2476,u50,2013-04-02,4,5,9,5
2477,u50,2013-04-03,5,6,6,6
2478,u50,2013-04-04,6,6,9,6
2479,u50,2013-04-05,1,2,3,8
2480,u50,2013-04-06,3,3,4,3
2481,u50,2013-04-07,5,5,6,7
2482,u50,2013-04-08,6,7,9,6
2483,u50,2013-04-09,7,7,8,8
2484,u50,2013-04-10,6,7,7,8
2485,u50,2013-04-11,6,6,7,6
2486,u50,2013-04-12,4,5,6,6
2487,u50,2013-04-13,5,6,7,5
2488,u50,2013-04-14,5,5,5,5
2489,u50,2013-04-15,6,6,8,7
2490,u50,2013-04-16,3,3,9,3
2491,u50,2013-04-17,7,8,8,8
2492,u50,2013-04-18,9,9,9,9
2493,u50,2013-04-19,9,9,9,9
2494,u50,2013-04-20,9,9,11,9
2495,u50,2013-04-21,7,7,7,7
2496,u50,2013-04-22,7,0,1,7
2497,u50,2013-04-23,3,3,6,3
2498,u50,2013-04-24,6,9,8,7
2499,u50,2013-04-25,0,0,0,7
2500,u50,2013-04-27,0,0,3,0
2501,u50,2013-04-28,2,2,2,2
2502,u50,2013-04-29,2,2,2,2
2503,u50,2013-05-09,0,0,4,0
2504,u50,2013-05-10,4,6,10,4
2505,u50,2013-05-11,9,9,10,9
2506,u50,2013-05-12,3,3,4,14
2507,u50,2013-05-13,4,10,10,5
2508,u50,2013-05-14,9,0,4,9
2509,u50,2013-05-15,1,2,2,10
2510,u50,2013-05-29,0,0,0,5
2511,u50,2013-05-30,0,2,0,0
2512,u50,2013-05-31,0,0,7,0
2513,u50,2013-06-01,2,2,0,2
2514,u50,2013-06-03,0,3,12,0
2515,u50,2013-06-04,5,7,12,10
2516,u50,2013-06-05,6,12,0,8
2517,u51,2013-03-24,8,8,8,7
2518,u51,2013-03-25,8,8,8,8
2519,u51,2013-03-26,8,8,8,8
2520,u51,2013-03-27,8,8,8,8
2521,u51,2013-03-28,5,7,6,10
2522,u51,2013-03-29,5,8,6,8
2523,u51,2013-03-30,5,6,9,8
2524,u51,2013-03-31,5,6,6,6
2525,u51,2013-04-01,5,8,9,6
2526,u51,2013-04-02,6,8,8,12
2527,u51,2013-04-03,7,8,7,9
2528,u51,2013-04-04,5,7,8,8
2529,u51,2013-04-05,2,4,7,5
2530,u51,2013-04-06,6,7,8,10
2531,u51,2013-04-07,5,7,8,9
2532,u51,2013-04-08,6,10,6,8
2533,u51,2013-04-09,4,4,5,7
2534,u51,2013-04-10,5,6,6,8
2535,u51,2013-04-11,3,5,5,8
2536,u51,2013-04-12,5,7,6,8
2537,u51,2013-04-13,4,6,10,5
2538,u51,2013-04-14,6,6,5,7
2539,u51,2013-04-15,2,3,4,2
2540,u51,2013-04-16,4,6,6,9
2541,u51,2013-04-17,3,6,6,6
2542,u51,2013-04-18,1,5,10,5
2543,u51,2013-04-19,2,3,3,6
2544,u51,2013-04-20,2,3,8,3
2545,u51,2013-04-21,4,6,5,8
2546,u51,2013-04-22,2,4,4,5
2547,u51,2013-04-23,3,5,5,7
2548,u51,2013-04-24,1,9,7,7
2549,u51,2013-04-25,3,5,3,5
2550,u51,2013-04-26,1,5,3,5
2551,u51,2013-04-27,2,4,3,4
2552,u51,2013-04-28,3,6,3,3
2553,u51,2013-04-29,3,4,4,7
2554,u51,2013-04-30,4,6,6,5
2555,u51,2013-05-01,4,5,5,6
2556,u51,2013-05-02,5,5,5,6
2557,u51,2013-05-03,4,6,5,7
2558,u51,2013-05-04,4,6,4,6
2559,u51,2013-05-05,1,3,6,4
2560,u51,2013-05-06,14,5,5,4
2561,u51,2013-05-07,5,5,6,5
2562,u51,2013-05-08,2,4,4,3
2563,u51,2013-05-09,3,5,4,3
2564,u51,2013-05-10,2,7,4,3
2565,u51,2013-05-11,5,7,7,7
2566,u51,2013-05-12,3,7,6,6
2567,u51,2013-05-13,3,21,12,3
2568,u51,2013-05-14,6,11,12,10
2569,u51,2013-05-15,3,12,10,8
2570,u51,2013-05-16,9,12,10,11
2571,u51,2013-05-17,2,4,4,13
2572,u51,2013-05-18,3,3,8,3
2573,u51,2013-05-19,2,4,3,4
2574,u51,2013-05-20,2,4,8,3
2575,u51,2013-05-21,4,7,7,7
2576,u51,2013-05-22,3,5,6,4
2577,u51,2013-05-23,2,3,3,4
2578,u51,2013-05-24,2,3,4,4
2579,u51,2013-05-25,1,2,4,3
2580,u51,2013-05-26,4,8,4,4
2581,u51,2013-05-27,3,5,6,4
2582,u51,2013-05-28,2,4,2,4
2583,u51,2013-05-29,1,24,5,2
2584,u51,2013-05-30,5,8,8,6
2585,u51,2013-05-31,4,7,7,6
2586,u51,2013-06-01,4,8,8,5
2587,u51,2013-06-02,2,3,4,4
2588,u51,2013-06-03,4,4,3,4
2589,u51,2013-06-04,3,6,12,3
2590,u51,2013-06-05,3,5,8,3
2591,u51,2013-06-06,3,3,3,5
2592,u51,2013-06-07,3,4,4,3
2593,u51,2013-06-08,3,3,3,3
2594,u51,2013-06-09,3,3,3,3
2595,u51,2013-06-10,3,3,5,3
2596,u51,2013-06-13,0,0,1,0
2597,u51,2013-06-14,1,1,1,1
2598,u51,2013-06-15,1,1,1,1
2599,u51,2013-06-16,1,1,1,1
2600,u51,2013-06-17,1,1,1,1
2601,u51,2013-06-18,1,0,0,1
2602,u51,2013-06-19,1,2,8,1
2603,u51,2013-06-20,6,6,9,6
2604,u51,2013-06-21,9,9,10,9
2605,u51,2013-06-22,2,2,2,12
2606,u51,2013-06-23,1,1,2,1
2607,u51,2013-06-24,1,1,1,2
2608,u51,2013-06-25,1,1,1,1
2609,u51,2013-07-03,0,2,3,2
2610,u52,2013-03-24,11,12,11,9
2611,u52,2013-03-25,11,11,11,11
2612,u52,2013-03-26,11,13,12,11
2613,u52,2013-03-27,0,0,4,0
2614,u52,2013-03-28,3,5,5,4
2615,u52,2013-03-29,1,4,3,3
2616,u52,2013-03-30,2,4,4,2
2617,u52,2013-03-31,0,2,9,4
2618,u52,2013-04-01,4,5,6,5
2619,u52,2013-04-02,4,4,8,3
2620,u52,2013-04-03,4,5,8,6
2621,u52,2013-04-04,4,5,7,8
2622,u52,2013-04-05,1,2,4,2
2623,u52,2013-04-06,0,3,5,2
2624,u52,2013-04-07,2,3,7,3
2625,u52,2013-04-08,3,5,3,5
2626,u52,2013-04-09,2,3,3,6
2627,u52,2013-04-10,3,5,7,3
2628,u52,2013-04-11,5,7,4,6
2629,u52,2013-04-12,1,4,4,1
2630,u52,2013-04-13,3,6,5,4
2631,u52,2013-04-14,2,2,3,3
2632,u52,2013-04-15,2,7,5,3
2633,u52,2013-04-16,5,9,6,4
2634,u52,2013-04-17,2,4,4,6
2635,u52,2013-04-18,2,6,4,4
2636,u52,2013-04-19,1,5,3,2
2637,u52,2013-04-20,3,5,3,3
2638,u52,2013-04-21,3,3,6,4
2639,u52,2013-04-22,5,6,4,5
2640,u52,2013-04-23,4,8,7,5
2641,u52,2013-04-24,0,0,4,6
2642,u52,2013-04-25,2,1,3,5
2643,u52,2013-04-26,4,3,6,5
2644,u52,2013-04-27,3,4,6,4
2645,u52,2013-04-28,3,5,6,5
2646,u52,2013-04-29,3,5,6,4
2647,u52,2013-04-30,5,7,7,6
2648,u52,2013-05-01,4,5,8,5
2649,u52,2013-05-02,4,6,6,5
2650,u52,2013-05-03,5,6,5,6
2651,u52,2013-05-04,1,5,6,2
2652,u52,2013-05-05,4,6,6,5
2653,u52,2013-05-06,5,8,3,5
2654,u52,2013-05-07,2,3,3,4
2655,u52,2013-05-08,1,7,6,1
2656,u52,2013-05-09,3,4,4,4
2657,u52,2013-05-10,2,5,4,4
2658,u52,2013-05-11,2,5,4,5
2659,u52,2013-05-12,0,0,0,3
2660,u52,2013-05-13,4,6,8,5
2661,u52,2013-05-14,5,7,7,6
2662,u52,2013-05-15,1,2,7,6
2663,u52,2013-05-16,4,6,6,6
2664,u52,2013-05-17,4,7,8,5
2665,u52,2013-05-18,1,2,2,11
2666,u52,2013-05-19,2,4,4,2
2667,u52,2013-05-20,4,6,8,4
2668,u52,2013-05-21,4,9,10,5
2669,u52,2013-05-22,4,6,7,4
2670,u52,2013-05-23,4,6,7,6
2671,u52,2013-05-24,6,6,7,7
2672,u52,2013-05-25,7,7,8,8
2673,u52,2013-05-26,8,7,7,9
2674,u52,2013-05-27,0,0,2,0
2675,u52,2013-05-28,4,3,3,5
2676,u52,2013-05-29,8,5,1,5
2677,u52,2013-05-30,2,3,4,3
2678,u52,2013-05-31,4,4,5,4
2679,u52,2013-06-01,4,4,6,5
2680,u52,2013-06-02,6,6,6,6
2681,u52,2013-06-03,6,6,8,6
2682,u52,2013-06-04,9,9,9,10
2683,u52,2013-06-05,0,0,0,7
2684,u53,2013-03-24,10,10,10,8
2685,u53,2013-03-25,10,10,10,10
2686,u53,2013-03-26,10,10,10,10
2687,u53,2013-03-27,10,10,20,10
2688,u53,2013-03-28,15,17,17,15
2689,u53,2013-03-29,18,20,21,18
2690,u53,2013-03-30,20,20,23,20
2691,u53,2013-03-31,22,23,22,22
2692,u53,2013-04-01,23,24,23,22
2693,u53,2013-04-02,26,4,15,26
2694,u53,2013-04-03,17,21,19,18
2695,u53,2013-04-04,16,15,18,18
2696,u53,2013-04-05,19,20,21,18
2697,u53,2013-04-06,20,20,26,20
2698,u53,2013-04-07,11,11,11,7
2699,u53,2013-04-08,11,11,13,11
2700,u53,2013-04-09,12,12,12,12
2701,u53,2013-04-10,12,14,14,12
2702,u53,2013-04-11,3,8,7,14
2703,u53,2013-04-12,2,3,3,8
2704,u53,2013-04-13,5,7,7,5
2705,u53,2013-04-14,5,5,8,5
2706,u53,2013-04-15,11,8,9,9
2707,u53,2013-04-16,12,12,0,13
2708,u53,2013-04-17,0,3,8,0
2709,u53,2013-04-18,7,7,7,7
2710,u53,2013-04-19,9,9,10,8
2711,u53,2013-04-20,11,11,13,12
2712,u53,2013-04-21,14,15,12,13
2713,u53,2013-04-22,12,12,20,11
2714,u53,2013-04-23,16,15,15,16
2715,u53,2013-04-24,21,8,10,15
2716,u53,2013-04-25,11,12,14,11
2717,u53,2013-04-26,13,14,14,13
2718,u53,2013-04-27,16,14,14,14
2719,u53,2013-04-28,13,12,13,15
2720,u53,2013-04-29,13,13,18,13
2721,u53,2013-04-30,18,15,17,36
2722,u53,2013-05-01,19,18,19,16
2723,u53,2013-05-02,19,0,10,20
2724,u53,2013-05-03,14,18,18,9
2725,u53,2013-05-04,9,4,18,24
2726,u53,2013-05-05,8,8,8,8
2727,u53,2013-05-06,1,11,13,8
2728,u53,2013-05-07,11,14,14,10
2729,u53,2013-05-08,2,7,8,0
2730,u53,2013-05-09,10,11,12,10
2731,u53,2013-05-10,12,12,12,13
2732,u53,2013-05-11,13,13,13,13
2733,u53,2013-05-12,16,15,15,16
2734,u53,2013-05-13,14,15,16,17
2735,u53,2013-05-14,16,16,16,16
2736,u53,2013-05-15,19,21,31,19
2737,u53,2013-05-16,21,21,20,27
2738,u53,2013-05-17,21,21,20,21
2739,u53,2013-05-18,0,0,0,20
2740,u53,2013-05-19,3,4,2,1
2741,u53,2013-05-20,8,10,11,4
2742,u53,2013-05-21,0,0,0,10
2743,u53,2013-05-22,2,7,7,0
2744,u53,2013-05-23,0,0,0,7
2745,u53,2013-05-25,5,6,7,0
2746,u53,2013-05-26,7,7,7,7
2747,u53,2013-05-27,7,7,7,7
2748,u53,2013-05-28,7,9,9,7
2749,u53,2013-05-29,12,15,16,10
2750,u53,2013-05-30,13,14,18,13
2751,u53,2013-05-31,6,6,6,6
2752,u54,2013-03-24,10,10,10,9
2753,u54,2013-03-25,10,10,10,10
2754,u54,2013-03-27,0,17,34,0
2755,u54,2013-03-28,17,32,42,21
2756,u54,2013-03-29,21,43,27,29
2757,u54,2013-03-30,24,32,32,28
2758,u54,2013-03-31,23,39,35,32
2759,u54,2013-04-01,0,20,21,35
2760,u54,2013-04-02,9,23,30,22
2761,u54,2013-04-03,21,19,33,17
2762,u54,2013-04-04,17,23,28,26
2763,u54,2013-04-05,18,26,32,27
2764,u54,2013-04-06,20,27,21,20
2765,u54,2013-04-07,0,18,32,12
2766,u54,2013-04-08,21,34,35,28
2767,u54,2013-04-09,27,27,30,27
2768,u54,2013-04-10,29,32,16,30
2769,u54,2013-04-11,10,20,24,11
2770,u54,2013-04-12,15,23,24,19
2771,u54,2013-04-13,23,11,24,29
2772,u54,2013-04-14,14,21,25,18
2773,u54,2013-04-15,13,30,30,29
2774,u54,2013-04-16,19,37,41,45
2775,u54,2013-04-17,30,38,42,39
2776,u54,2013-04-18,36,36,38,40
2777,u54,2013-04-19,34,43,47,36
2778,u54,2013-04-20,32,51,51,38
2779,u54,2013-04-21,39,13,26,51
2780,u54,2013-04-22,22,34,42,29
2781,u54,2013-04-23,32,44,43,46
2782,u54,2013-04-24,33,2,11,36
2783,u54,2013-04-25,21,23,22,22
2784,u54,2013-04-26,15,17,20,17
2785,u54,2013-04-27,20,34,14,23
2786,u54,2013-04-28,24,12,12,23
2787,u54,2013-04-29,5,13,22,18
2788,u54,2013-04-30,26,22,24,41
2789,u54,2013-05-01,22,37,28,21
2790,u54,2013-05-02,24,30,26,24
2791,u54,2013-05-03,15,23,13,21
2792,u54,2013-05-04,0,3,14,11
2793,u54,2013-05-05,3,9,16,11
2794,u54,2013-05-06,11,13,25,13
2795,u54,2013-05-07,12,17,27,36
2796,u54,2013-05-08,9,15,6,23
2797,u54,2013-05-09,2,12,2,14
2798,u54,2013-05-10,0,0,0,6
2799,u54,2013-05-29,31,21,21,32
2800,u54,2013-05-30,11,14,2,7
2801,u56,2013-03-24,8,8,10,7
2802,u56,2013-03-25,10,10,10,10
2803,u56,2013-03-26,10,10,0,10
2804,u56,2013-03-27,3,8,12,9
2805,u56,2013-03-28,8,12,12,15
2806,u56,2013-03-29,11,15,2,11
2807,u56,2013-03-30,1,2,6,1
2808,u56,2013-03-31,8,11,3,9
2809,u56,2013-04-01,7,8,9,8
2810,u56,2013-04-02,10,11,14,10
2811,u56,2013-04-03,6,11,6,7
2812,u56,2013-04-04,5,14,16,13
2813,u56,2013-04-05,15,20,5,15
2814,u56,2013-04-06,4,4,4,4
2815,u56,2013-04-07,4,4,6,4
2816,u56,2013-04-08,6,7,8,6
2817,u56,2013-04-09,7,7,7,7
2818,u56,2013-04-10,7,7,9,7
2819,u56,2013-04-11,8,8,8,8
2820,u56,2013-04-12,9,9,9,9
2821,u56,2013-04-13,9,9,9,9
2822,u56,2013-04-14,9,9,9,9
2823,u56,2013-04-15,9,9,9,9
2824,u56,2013-04-16,9,9,9,9
2825,u56,2013-04-17,9,9,9,9
2826,u56,2013-04-18,9,9,9,9
2827,u56,2013-04-19,10,10,10,9
2828,u56,2013-04-20,10,10,10,10
2829,u56,2013-04-21,10,10,10,10
2830,u56,2013-04-22,10,10,10,10
2831,u56,2013-04-23,10,10,10,10
2832,u56,2013-04-24,10,10,10,10
2833,u56,2013-04-25,10,10,10,10
2834,u56,2013-04-26,10,10,10,10
2835,u56,2013-04-27,10,10,10,10
2836,u56,2013-04-28,10,10,11,10
2837,u56,2013-04-29,11,11,11,11
2838,u56,2013-04-30,11,11,11,11
2839,u56,2013-05-01,11,11,11,11
2840,u56,2013-05-02,12,12,12,12
2841,u56,2013-05-03,12,12,12,12
2842,u56,2013-05-04,12,12,12,12
2843,u56,2013-05-05,12,12,12,12
2844,u56,2013-05-06,12,12,12,12
2845,u56,2013-05-07,12,12,12,12
2846,u56,2013-05-13,0,2,2,0
2847,u56,2013-05-14,2,2,3,2
2848,u56,2013-05-15,2,2,2,2
2849,u56,2013-05-16,3,3,3,3
2850,u56,2013-05-17,4,4,4,4
2851,u56,2013-05-18,4,4,4,4
2852,u56,2013-05-19,4,3,3,4
2853,u56,2013-05-20,3,3,3,3
2854,u56,2013-05-21,3,4,4,3
2855,u56,2013-05-22,4,4,4,4
2856,u56,2013-05-23,4,4,4,4
2857,u56,2013-05-24,4,4,4,4
2858,u56,2013-05-25,4,4,4,4
2859,u56,2013-05-26,4,0,2,4
2860,u56,2013-05-27,2,2,2,2
2861,u56,2013-05-28,3,0,3,3
2862,u56,2013-05-29,3,3,3,3
2863,u56,2013-05-30,3,4,4,3
2864,u56,2013-05-31,4,5,5,4
2865,u56,2013-06-01,5,5,0,5
2866,u56,2013-06-02,2,4,4,1
2867,u56,2013-06-03,4,4,5,4
2868,u56,2013-06-04,6,7,7,5
2869,u56,2013-06-05,4,6,0,8
2870,u57,2013-03-26,0,0,5,0
2871,u57,2013-03-27,5,12,11,8
2872,u57,2013-03-28,2,11,15,4
2873,u57,2013-03-29,8,16,20,13
2874,u57,2013-03-30,10,9,11,8
2875,u57,2013-03-31,1,10,8,8
2876,u57,2013-04-01,5,12,15,7
2877,u57,2013-04-02,9,21,8,12
2878,u57,2013-04-03,4,12,10,10
2879,u57,2013-04-04,10,19,7,13
2880,u57,2013-04-05,2,9,9,12
2881,u57,2013-04-06,9,6,16,10
2882,u57,2013-04-07,7,5,14,6
2883,u57,2013-04-08,3,12,15,4
2884,u57,2013-04-09,3,9,9,12
2885,u57,2013-04-10,9,14,14,15
2886,u57,2013-04-11,5,9,16,7
2887,u57,2013-04-12,10,14,18,13
2888,u57,2013-04-13,14,20,22,18
2889,u57,2013-04-14,10,12,16,23
2890,u57,2013-04-15,1,9,10,14
2891,u57,2013-04-16,7,14,13,10
2892,u57,2013-04-17,10,10,12,11
2893,u57,2013-04-18,10,15,12,13
2894,u57,2013-04-19,3,8,12,13
2895,u57,2013-04-20,8,16,8,8
2896,u57,2013-04-21,5,8,8,10
2897,u57,2013-04-22,2,8,9,6
2898,u57,2013-04-23,3,8,6,8
2899,u57,2013-04-24,5,15,11,9
2900,u57,2013-04-25,7,10,8,12
2901,u57,2013-04-26,4,11,12,7
2902,u57,2013-04-27,13,6,12,16
2903,u57,2013-04-28,7,7,11,7
2904,u57,2013-04-29,10,11,15,11
2905,u57,2013-04-30,10,15,12,12
2906,u57,2013-05-01,4,13,11,16
2907,u57,2013-05-02,7,11,10,15
2908,u57,2013-05-03,8,5,12,12
2909,u57,2013-05-04,4,7,11,8
2910,u57,2013-05-05,8,11,10,10
2911,u57,2013-05-06,10,11,16,12
2912,u57,2013-05-07,6,9,13,13
2913,u57,2013-05-08,5,16,13,13
2914,u57,2013-05-09,3,10,8,14
2915,u57,2013-05-10,6,10,14,6
2916,u57,2013-05-11,12,13,11,16
2917,u57,2013-05-12,2,9,7,5
2918,u57,2013-05-13,7,13,8,8
2919,u57,2013-05-14,6,17,15,11
2920,u57,2013-05-15,4,9,8,11
2921,u57,2013-05-16,4,13,15,7
2922,u57,2013-05-17,5,9,11,8
2923,u57,2013-05-18,7,11,13,8
2924,u57,2013-05-19,4,8,9,9
2925,u57,2013-05-20,2,8,14,10
2926,u57,2013-05-21,3,11,6,9
2927,u57,2013-05-22,3,12,16,12
2928,u57,2013-05-23,7,13,7,13
2929,u57,2013-05-24,6,9,7,8
2930,u57,2013-05-25,4,13,11,7
2931,u57,2013-05-26,7,14,14,7
2932,u57,2013-05-27,9,12,14,11
2933,u57,2013-05-28,5,8,8,4
2934,u57,2013-05-29,8,10,10,9
2935,u57,2013-05-30,6,12,10,9
2936,u57,2013-05-31,10,11,12,11
2937,u57,2013-06-01,10,16,13,12
2938,u57,2013-06-02,5,11,14,9
2939,u57,2013-06-03,14,20,21,18
2940,u57,2013-06-04,19,19,0,22
2941,u58,2013-03-26,0,0,12,0
2942,u58,2013-03-27,11,12,13,14
2943,u58,2013-03-28,10,11,12,13
2944,u58,2013-03-29,12,19,17,15
2945,u58,2013-03-30,11,14,16,13
2946,u58,2013-03-31,11,12,11,13
2947,u58,2013-04-01,11,17,12,11
2948,u58,2013-04-02,9,13,15,11
2949,u58,2013-04-03,1,4,13,19
2950,u58,2013-04-04,8,10,16,12
2951,u58,2013-04-05,7,8,10,11
2952,u58,2013-04-06,6,10,8,7
2953,u58,2013-04-07,1,7,8,10
2954,u58,2013-04-08,5,9,7,7
2955,u58,2013-04-09,6,10,12,9
2956,u58,2013-04-10,6,17,11,7
2957,u58,2013-04-11,5,0,13,7
2958,u58,2013-04-12,3,7,14,11
2959,u58,2013-04-13,1,6,6,11
2960,u58,2013-04-14,4,4,4,5
2961,u58,2013-04-15,4,4,7,4
2962,u58,2013-04-16,7,7,7,7
2963,u58,2013-04-17,6,7,8,7
2964,u58,2013-04-18,5,3,3,17
2965,u58,2013-04-19,3,4,7,5
2966,u58,2013-04-20,2,4,3,2
2967,u58,2013-04-21,3,7,4,6
2968,u58,2013-04-22,2,6,5,6
2969,u58,2013-04-23,4,5,7,8
2970,u58,2013-04-24,3,8,4,7
2971,u58,2013-04-25,4,4,6,5
2972,u58,2013-04-26,3,10,5,6
2973,u58,2013-04-27,3,8,6,4
2974,u58,2013-04-28,3,6,5,6
2975,u58,2013-04-29,4,6,5,5
2976,u58,2013-04-30,4,6,11,6
2977,u58,2013-05-01,4,7,4,4
2978,u58,2013-05-02,3,4,4,4
2979,u58,2013-05-03,3,6,6,4
2980,u58,2013-05-04,5,6,4,5
2981,u58,2013-05-05,5,4,8,6
2982,u58,2013-05-06,3,4,4,8
2983,u58,2013-05-07,3,4,5,4
2984,u58,2013-05-08,6,5,4,5
2985,u58,2013-05-09,4,6,5,4
2986,u58,2013-05-10,4,8,3,11
2987,u58,2013-05-11,3,6,3,4
2988,u58,2013-05-12,2,3,2,3
2989,u58,2013-05-13,1,3,2,2
2990,u58,2013-05-14,1,4,3,2
2991,u58,2013-05-15,1,2,4,3
2992,u58,2013-05-16,2,3,4,3
2993,u58,2013-05-17,1,2,4,3
2994,u58,2013-05-18,1,3,5,3
2995,u58,2013-05-19,4,5,4,4
2996,u58,2013-05-20,1,3,3,3
2997,u58,2013-05-21,1,5,4,2
2998,u58,2013-05-22,1,2,2,2
2999,u58,2013-05-23,1,3,3,2
3000,u58,2013-05-24,2,2,2,2
3001,u58,2013-05-25,1,3,2,2
3002,u58,2013-05-26,1,2,2,1
3003,u58,2013-05-27,1,3,4,2
3004,u58,2013-05-28,1,3,3,2
3005,u58,2013-05-29,2,2,0,2
3006,u59,2013-03-26,0,0,13,0
3007,u59,2013-03-27,10,20,22,22
3008,u59,2013-03-28,21,26,26,25
3009,u59,2013-03-29,28,29,37,29
3010,u59,2013-03-30,3,7,13,19
3011,u59,2013-03-31,12,12,9,10
3012,u59,2013-04-01,12,15,17,10
3013,u59,2013-04-02,18,17,18,18
3014,u59,2013-04-03,19,23,23,19
3015,u59,2013-04-04,23,23,37,23
3016,u59,2013-04-05,34,37,44,33
3017,u59,2013-04-06,25,27,14,35
3018,u59,2013-04-07,5,8,21,13
3019,u59,2013-04-08,15,19,12,21
3020,u59,2013-04-09,15,18,19,14
3021,u59,2013-04-10,5,6,11,5
3022,u59,2013-04-11,13,19,10,11
3023,u59,2013-04-12,14,17,19,12
3024,u59,2013-04-13,5,12,13,29
3025,u59,2013-04-14,17,20,9,14
3026,u59,2013-04-15,16,15,27,16
3027,u59,2013-04-16,0,11,10,27
3028,u59,2013-04-17,17,19,22,14
3029,u59,2013-04-18,12,14,14,16
3030,u59,2013-04-19,6,14,18,11
3031,u59,2013-04-20,18,21,21,18
3032,u59,2013-04-21,15,20,23,29
3033,u59,2013-04-22,17,32,35,27
3034,u59,2013-04-23,28,18,23,24
3035,u59,2013-04-24,8,4,9,22
3036,u59,2013-04-25,16,17,19,12
3037,u59,2013-04-26,19,25,15,19
3038,u59,2013-04-27,6,7,16,21
3039,u59,2013-04-28,16,14,17,17
3040,u59,2013-04-29,13,21,27,18
3041,u59,2013-04-30,24,18,15,25
3042,u59,2013-05-01,19,21,27,22
3043,u59,2013-05-02,7,13,12,10
3044,u59,2013-05-03,17,18,21,16
3045,u59,2013-05-04,7,10,16,19
3046,u59,2013-05-05,17,17,7,17
3047,u59,2013-05-06,11,17,20,9
3048,u59,2013-05-07,11,15,22,23
3049,u59,2013-05-08,10,14,14,16
3050,u59,2013-05-09,8,10,19,20
3051,u59,2013-05-10,11,18,9,11
3052,u59,2013-05-11,12,0,0,0
3053,u59,2013-05-12,15,20,20,0
3054,u59,2013-05-13,21,23,24,21
3055,u59,2013-05-14,9,0,0,5
3056,u59,2013-05-15,16,11,20,19
3057,u59,2013-05-16,7,16,10,12
3058,u59,2013-05-17,7,11,23,15
3059,u59,2013-05-18,12,7,9,16
3060,u59,2013-05-19,8,11,10,8
3061,u59,2013-05-20,14,14,17,14
3062,u59,2013-05-21,15,7,12,16
3063,u59,2013-05-22,13,18,19,13
3064,u59,2013-05-23,0,7,19,11
3065,u59,2013-05-24,15,16,18,19
3066,u59,2013-05-25,7,13,18,21
3067,u59,2013-05-26,9,7,14,8
3068,u59,2013-05-27,11,10,18,21
3069,u59,2013-05-28,11,13,26,19
3070,u59,2013-05-29,12,17,9,23
3071,u59,2013-05-30,6,11,15,7
3072,u59,2013-05-31,5,13,14,17
3073,u59,2013-06-01,16,6,0,13
3074,u59,2013-06-02,6,6,10,6
3075,u59,2013-06-03,14,15,17,16
3076,u59,2013-06-04,16,16,18,17
3077,u59,2013-06-05,19,17,20,17
3078,u59,2013-06-06,18,20,15,18
3079,u59,2013-06-07,9,9,14,18
3080,u59,2013-06-08,5,4,7,3
3081,u59,2013-06-09,8,8,10,8
3082,u59,2013-06-10,4,4,4,4
